bank_id,bank_name,bank_logo,bank_licence,product_name,product_url,rate_min,rate_max,amount_from,amount_to,period_from,period_to,currency,efficient_rate,is_special_offer,is_online_opening_possible,is_partial_withdrawal_possible,is_replenishment_possible,action_title,action_percent,action_link,capitalization,early_termination_method,rates_min,rates_max
192890,Реалист Банк,https://static4.banki.ru/ugc/2a/02/be/28/192890.svg,1067,Выгодный Банки.ру,https://www.banki.ru/products/deposits/deposit/25868/,15.8,15.8,100000,,91,91.0,RUB,15.8,False,True,False,False,Бонус от суммы вклада за оформление онлайн на Банки.ру,1.5,https://www.banki.ru/specials/deposits/bonus_k_stavke/,нет,по ставке до востребования,15.8,15.8
192890,Реалист Банк,https://static4.banki.ru/ugc/2a/02/be/28/192890.svg,1067,Выгодный Банки.ру,https://www.banki.ru/products/deposits/deposit/25869/,15.7,15.7,100000,,181,181.0,RUB,15.7,False,True,False,False,,,,нет,по ставке до востребования,15.7,15.7
192890,Реалист Банк,https://static4.banki.ru/ugc/2a/02/be/28/192890.svg,1067,Реально выгодный (для новых денег),https://www.banki.ru/products/deposits/deposit/25657/,16.05,16.05,10000,4999999.0,91,91.0,RUB,16.26,False,True,False,False,,,,по выбору клиента,по ставке до востребования,13.65,16.26
192890,Реалист Банк,https://static4.banki.ru/ugc/2a/02/be/28/192890.svg,1067,Кубышка,https://www.banki.ru/products/deposits/deposit/25487/,16.0,16.0,1000,,30,61.0,RUB,16.0,False,False,True,True,,,,по выбору клиента,на льготных условиях,14.0,16.0
192890,Реалист Банк,https://static4.banki.ru/ugc/2a/02/be/28/192890.svg,1067,Реально выгодный,https://www.banki.ru/products/deposits/deposit/25099/,16.0,16.0,10000,4999999.0,91,91.0,RUB,16.21,False,True,False,False,,,,по выбору клиента,по ставке до востребования,13.59,16.21
192890,Реалист Банк,https://static4.banki.ru/ugc/2a/02/be/28/192890.svg,1067,35 празднуем вместе,https://www.banki.ru/products/deposits/deposit/25867/,15.89,15.89,35000,3500000.0,135,135.0,RUB,15.89,False,False,False,True,,,,нет,по ставке до востребования,15.89,15.89
192890,Реалист Банк,https://static4.banki.ru/ugc/2a/02/be/28/192890.svg,1067,Точный прогноз (для новых денег),https://www.banki.ru/products/deposits/deposit/24844/,7.07,7.07,10000,4999999.0,1095,1095.0,RUB,7.07,False,True,False,False,,,,нет,на льготных условиях,7.07,7.07
192890,Реалист Банк,https://static4.banki.ru/ugc/2a/02/be/28/192890.svg,1067,Точный прогноз онлайн,https://www.banki.ru/products/deposits/deposit/25516/,7.05,7.05,10000,4999999.0,1095,1095.0,RUB,7.05,False,True,False,False,,,,нет,на льготных условиях,7.05,7.05
192890,Реалист Банк,https://static4.banki.ru/ugc/2a/02/be/28/192890.svg,1067,Точный прогноз,https://www.banki.ru/products/deposits/deposit/25656/,7.04,7.04,10000,4999999.0,1095,1095.0,RUB,7.04,False,True,False,False,,,,нет,на льготных условиях,7.04,7.04
190178,Свой Банк,https://static4.banki.ru/ugc/1f/68/d9/18/190178.svg,3223,Свой вклад с Банки.ру,https://www.banki.ru/products/deposits/deposit/25294/,15.54,15.54,30000,30000000.0,91,91.0,RUB,15.74,True,True,False,False,Бонус от суммы вклада за оформление онлайн на Банки.ру,1.5,https://www.banki.ru/specials/deposits/bonus_k_stavke/,есть,по ставке до востребования,15.74,15.74
190178,Свой Банк,https://static4.banki.ru/ugc/1f/68/d9/18/190178.svg,3223,Свой вклад с Банки.ру,https://www.banki.ru/products/deposits/deposit/25818/,15.35,15.35,30000,30000000.0,121,121.0,RUB,15.64,False,True,False,False,,,,есть,по ставке до востребования,15.64,15.64
190178,Свой Банк,https://static4.banki.ru/ugc/1f/68/d9/18/190178.svg,3223,Свой вклад с Банки.ру,https://www.banki.ru/products/deposits/deposit/24800/,14.69,14.69,30000,30000000.0,181,181.0,RUB,15.14,False,True,False,False,,,,есть,по ставке до востребования,15.14,15.14
190178,Свой Банк,https://static4.banki.ru/ugc/1f/68/d9/18/190178.svg,3223,Свой вклад с Банки.ру,https://www.banki.ru/products/deposits/deposit/24801/,9.57,9.57,30000,30000000.0,367,367.0,RUB,10.0,False,True,False,False,,,,есть,по ставке до востребования,10.0,10.0
619,Банк Жилищного Финансирования,https://static2.banki.ru/ugc/b1/56/48/7b/619.svg,3138,Лидер 3,https://www.banki.ru/products/deposits/deposit/25851/,15.75,15.75,30000,,91,91.0,RUB,15.75,True,True,False,False,Бонус от суммы вклада за оформление онлайн на Банки.ру,1.5,https://www.banki.ru/specials/deposits/bonus_k_stavke/,нет,по ставке до востребования,15.75,15.75
619,Банк Жилищного Финансирования,https://static2.banki.ru/ugc/b1/56/48/7b/619.svg,3138,Лидер 6,https://www.banki.ru/products/deposits/deposit/25852/,15.25,15.25,30000,,181,181.0,RUB,15.25,False,True,False,False,,,,нет,по ставке до востребования,15.25,15.25
9011,Металлинвестбанк,https://static3.banki.ru/ugc/53/9b/83/6a/9011.svg,2440,Максимальный доход_91,https://www.banki.ru/products/deposits/deposit/25847/,15.55,15.55,100000,,91,91.0,RUB,15.55,True,True,False,False,Бонус от суммы вклада за оформление онлайн на Банки.ру,1.5,https://www.banki.ru/specials/deposits/bonus_k_stavke/,нет,по ставке до востребования,15.55,15.55
9011,Металлинвестбанк,https://static3.banki.ru/ugc/53/9b/83/6a/9011.svg,2440,Максимальный доход_181,https://www.banki.ru/products/deposits/deposit/25862/,15.0,15.0,100000,,181,181.0,RUB,15.0,False,True,False,False,,,,нет,по ставке до востребования,15.0,15.0
9011,Металлинвестбанк,https://static3.banki.ru/ugc/53/9b/83/6a/9011.svg,2440,Максимальный доход_367,https://www.banki.ru/products/deposits/deposit/25863/,13.8,13.8,100000,,367,367.0,RUB,13.8,False,True,False,False,,,,нет,на льготных условиях,13.8,13.8
9011,Металлинвестбанк,https://static3.banki.ru/ugc/53/9b/83/6a/9011.svg,2440,Максимальный доход_550,https://www.banki.ru/products/deposits/deposit/25866/,12.2,12.2,100000,,550,550.0,RUB,12.2,False,True,False,False,,,,нет,на льготных условиях,12.2,12.2
9011,Металлинвестбанк,https://static3.banki.ru/ugc/53/9b/83/6a/9011.svg,2440,Максимальный доход_740,https://www.banki.ru/products/deposits/deposit/25864/,11.7,11.7,100000,,740,740.0,RUB,11.7,False,True,False,False,,,,нет,на льготных условиях,11.7,11.7
9011,Металлинвестбанк,https://static3.banki.ru/ugc/53/9b/83/6a/9011.svg,2440,Максимальный доход_1100,https://www.banki.ru/products/deposits/deposit/25865/,10.7,10.7,100000,,1100,1100.0,RUB,10.7,False,True,False,False,,,,нет,на льготных условиях,10.7,10.7
193292,Норвик Банк,https://static4.banki.ru/ugc/05/ea/9d/5f/193292.svg,902,Быстрый доход,https://www.banki.ru/products/deposits/deposit/25050/,15.5,15.5,100000,50000000.0,93,93.0,RUB,15.5,False,True,False,False,Бонус от суммы вклада за оформление онлайн на Банки.ру,1.5,https://www.banki.ru/specials/deposits/bonus_k_stavke/,нет,по ставке до востребования,15.5,15.5
193292,Норвик Банк,https://static4.banki.ru/ugc/05/ea/9d/5f/193292.svg,902,Быстрый доход,https://www.banki.ru/products/deposits/deposit/25616/,11.5,11.5,100000,50000000.0,182,182.0,RUB,11.5,False,True,False,False,,,,нет,по ставке до востребования,11.5,11.5
193364,КАМКОМБАНК,https://static2.banki.ru/ugc/9f/7f/b6/9c/193364.svg,438,Онлайн,https://www.banki.ru/products/deposits/deposit/25700/,15.25,15.25,100000,10000000.0,91,91.0,RUB,15.25,True,True,False,False,Бонус от суммы вклада за оформление онлайн на Банки.ру,1.5,https://www.banki.ru/specials/deposits/bonus_k_stavke/,нет,по ставке до востребования,15.25,15.25
193364,КАМКОМБАНК,https://static2.banki.ru/ugc/9f/7f/b6/9c/193364.svg,438,Онлайн,https://www.banki.ru/products/deposits/deposit/24460/,15.0,15.0,100000,10000000.0,186,186.0,RUB,15.0,False,True,False,False,,,,нет,по ставке до востребования,15.0,15.0
193364,КАМКОМБАНК,https://static2.banki.ru/ugc/9f/7f/b6/9c/193364.svg,438,Онлайн,https://www.banki.ru/products/deposits/deposit/25701/,13.5,13.5,100000,10000000.0,280,280.0,RUB,13.5,False,True,False,False,,,,нет,по ставке до востребования,13.5,13.5
193364,КАМКОМБАНК,https://static2.banki.ru/ugc/9f/7f/b6/9c/193364.svg,438,Онлайн,https://www.banki.ru/products/deposits/deposit/25702/,13.0,13.0,100000,10000000.0,367,367.0,RUB,13.0,False,True,False,False,,,,нет,по ставке до востребования,13.0,13.0
191928,БыстроБанк,https://static4.banki.ru/ugc/97/76/bf/84/191928.svg,1745,Выгодный–Банки.ру,https://www.banki.ru/products/deposits/deposit/25510/,15.6,15.6,150000,,181,181.0,RUB,15.6,False,True,False,False,,,,нет,по ставке до востребования,15.6,15.6
191928,БыстроБанк,https://static4.banki.ru/ugc/97/76/bf/84/191928.svg,1745,Выгодный–Банки.ру,https://www.banki.ru/products/deposits/deposit/25928/,14.45,14.45,150000,,366,366.0,RUB,14.45,False,True,False,False,,,,нет,по ставке до востребования,14.45,14.45
2764,Газпромбанк,https://static3.banki.ru/ugc/e5/d7/0f/89/2764.svg,354,Ключевой момент,https://www.banki.ru/products/deposits/deposit/25682/,18.5,18.5,500000,15000000.0,1095,1095.0,RUB,18.5,False,True,False,False,,,,нет,по ставке до востребования,16.0,18.5
2764,Газпромбанк,https://static3.banki.ru/ugc/e5/d7/0f/89/2764.svg,354,Новые деньги,https://www.banki.ru/products/deposits/deposit/24560/,16.2,16.2,15000,10000000.0,91,91.0,RUB,16.2,True,True,False,False,,,,нет,по ставке до востребования,8.8,16.2
2764,Газпромбанк,https://static3.banki.ru/ugc/e5/d7/0f/89/2764.svg,354,Накопительный счет,https://www.banki.ru/products/deposits/deposit/19029/,16.5,16.5,5000,1500000.0,1,61.0,RUB,16.5,True,True,True,True,,,,по выбору клиента,на льготных условиях,0.01,16.5
2764,Газпромбанк,https://static3.banki.ru/ugc/e5/d7/0f/89/2764.svg,354,Копить онлайн (в конце срока),https://www.banki.ru/products/deposits/deposit/22483/,15.5,15.5,15000,,91,91.0,RUB,15.5,True,True,False,False,,,,нет,по ставке до востребования,8.8,15.5
2764,Газпромбанк,https://static3.banki.ru/ugc/e5/d7/0f/89/2764.svg,354,В плюсе (в конце срока),https://www.banki.ru/products/deposits/deposit/24638/,16.0,16.0,15000,,91,91.0,RUB,16.0,True,True,False,False,,,,нет,по ставке до востребования,8.8,16.0
2764,Газпромбанк,https://static3.banki.ru/ugc/e5/d7/0f/89/2764.svg,354,Ежедневный процент,https://www.banki.ru/products/deposits/deposit/23243/,15.0,15.0,1,,30,61.0,RUB,15.0,True,True,True,True,,,,по выбору клиента,на льготных условиях,10.5,15.0
2764,Газпромбанк,https://static3.banki.ru/ugc/e5/d7/0f/89/2764.svg,354,В плюсе (ежемесячно),https://www.banki.ru/products/deposits/deposit/24312/,14.52,14.52,15000,,91,91.0,RUB,14.7,True,True,False,False,,,,по выбору клиента,по ставке до востребования,8.46,14.7
2764,Газпромбанк,https://static3.banki.ru/ugc/e5/d7/0f/89/2764.svg,354,Легкий процент,https://www.banki.ru/products/deposits/deposit/25955/,15.0,15.0,1,,30,,RUB,15.0,False,True,True,True,,,,по выбору клиента,на льготных условиях,15.0,15.0
2764,Газпромбанк,https://static3.banki.ru/ugc/e5/d7/0f/89/2764.svg,354,Копить онлайн (ежемесячно),https://www.banki.ru/products/deposits/deposit/24241/,14.33,14.33,15000,,91,91.0,RUB,14.5,True,True,False,False,,,,по выбору клиента,по ставке до востребования,8.45,14.5
2764,Газпромбанк,https://static3.banki.ru/ugc/e5/d7/0f/89/2764.svg,354,Простой доход,https://www.banki.ru/products/deposits/deposit/25836/,14.0,14.0,1,,30,,RUB,14.0,False,True,True,True,,,,по выбору клиента,на льготных условиях,14.0,14.0
9183,Локо-Банк,https://static3.banki.ru/ugc/f9/0d/a2/a4/9183.png,2707,Локо-Вклад. Банки.ру,https://www.banki.ru/products/deposits/deposit/25816/,15.1,15.1,300000,30000000.0,122,122.0,RUB,15.1,False,True,False,False,,,,нет,по ставке до востребования,15.1,15.1
9183,Локо-Банк,https://static3.banki.ru/ugc/f9/0d/a2/a4/9183.png,2707,Локо-Вклад. Банки.ру,https://www.banki.ru/products/deposits/deposit/25817/,15.0,15.0,300000,30000000.0,150,150.0,RUB,15.0,False,True,False,False,,,,нет,по ставке до востребования,15.0,15.0
9183,Локо-Банк,https://static3.banki.ru/ugc/f9/0d/a2/a4/9183.png,2707,Локо-Вклад. Банки.ру,https://www.banki.ru/products/deposits/deposit/24585/,14.6,14.6,300000,30000000.0,182,182.0,RUB,14.6,False,True,False,False,,,,нет,по ставке до востребования,14.6,14.6
9183,Локо-Банк,https://static3.banki.ru/ugc/f9/0d/a2/a4/9183.png,2707,Локо-Вклад. Банки.ру,https://www.banki.ru/products/deposits/deposit/25856/,14.0,14.0,300000,30000000.0,95,95.0,RUB,14.0,False,True,False,False,,,,нет,по ставке до востребования,14.0,14.0
9183,Локо-Банк,https://static3.banki.ru/ugc/f9/0d/a2/a4/9183.png,2707,Локо-Вклад. Банки.ру,https://www.banki.ru/products/deposits/deposit/25029/,11.5,11.5,300000,30000000.0,370,370.0,RUB,11.5,False,True,False,False,,,,нет,по ставке до востребования,11.5,11.5
6055,МТС Банк,https://static3.banki.ru/ugc/7f/af/89/78/6055.svg,2268,МТС Деньги,https://www.banki.ru/products/deposits/deposit/25433/,15.7,15.7,10000,,120,120.0,RUB,15.7,False,True,False,False,,,,нет,по ставке до востребования,15.7,15.7
6055,МТС Банк,https://static3.banki.ru/ugc/7f/af/89/78/6055.svg,2268,МТС счёт (на ежедневный остаток),https://www.banki.ru/products/deposits/deposit/23008/,18.0,18.0,1,5000000.0,30,61.0,RUB,18.0,False,True,True,True,,,,по выбору клиента,на льготных условиях,5.0,18.0
6055,МТС Банк,https://static3.banki.ru/ugc/7f/af/89/78/6055.svg,2268,МТС Вклад плюс,https://www.banki.ru/products/deposits/deposit/23178/,16.33,16.33,10000,,91,91.0,RUB,16.55,True,True,False,False,,,,по выбору клиента,по ставке до востребования,11.01,16.55
6055,МТС Банк,https://static3.banki.ru/ugc/7f/af/89/78/6055.svg,2268,МТС Вклад плюс (с пополнением),https://www.banki.ru/products/deposits/deposit/23865/,12.2,12.2,10000000,500000000.0,91,91.0,RUB,12.32,False,True,False,True,,,,по выбору клиента,по ставке до востребования,4.37,12.32
6055,МТС Банк,https://static3.banki.ru/ugc/7f/af/89/78/6055.svg,2268,МТС Вклад плюс (с пополнением и снятием),https://www.banki.ru/products/deposits/deposit/23866/,12.38,12.38,100000,1500000.0,91,91.0,RUB,12.51,False,True,True,True,,,,по выбору клиента,по ставке до востребования,4.16,12.51
6055,МТС Банк,https://static3.banki.ru/ugc/7f/af/89/78/6055.svg,2268,МТС Максимум,https://www.banki.ru/products/deposits/deposit/25308/,15.32,15.32,10000,2000000.0,181,181.0,RUB,15.81,False,False,False,False,,,,по выбору клиента,по ставке до востребования,12.41,15.81
6055,МТС Банк,https://static3.banki.ru/ugc/7f/af/89/78/6055.svg,2268,МТС счёт (на минимальный остаток),https://www.banki.ru/products/deposits/deposit/25759/,14.5,14.5,1,5000000.0,30,,RUB,14.5,False,True,True,True,,,,по выбору клиента,на льготных условиях,5.0,14.5
6055,МТС Банк,https://static3.banki.ru/ugc/7f/af/89/78/6055.svg,2268,МТС Специальный,https://www.banki.ru/products/deposits/deposit/25062/,14.5,14.5,10000,,181,181.0,RUB,14.5,False,False,False,False,,,,нет,по ставке до востребования,11.2,14.5
327,ВТБ,https://static3.banki.ru/ugc/46/dd/97/e5/327.svg,1000,ВТБ-Счет (на минимальный остаток),https://www.banki.ru/products/deposits/deposit/24356/,16.0,16.0,1000,1000000.0,1,91.0,RUB,16.0,True,True,True,True,,,,по выбору клиента,на льготных условиях,7.5,16.0
327,ВТБ,https://static3.banki.ru/ugc/46/dd/97/e5/327.svg,1000,ВТБ-Счет (на ежедневный остаток),https://www.banki.ru/products/deposits/deposit/24891/,15.0,15.0,1000,1000000.0,1,91.0,RUB,15.0,True,True,True,True,,,,по выбору клиента,на льготных условиях,6.5,15.0
327,ВТБ,https://static3.banki.ru/ugc/46/dd/97/e5/327.svg,1000,ВТБ-Вклад (без опций с выплатой % ежемесячно),https://www.banki.ru/products/deposits/deposit/24678/,15.2,15.2,10000,,120,120.0,RUB,15.49,True,True,False,False,,,,по выбору клиента,по ставке до востребования,6.91,15.49
327,ВТБ,https://static3.banki.ru/ugc/46/dd/97/e5/327.svg,1000,ВТБ-Вклад (без опций с выплатой % в конце срока),https://www.banki.ru/products/deposits/deposit/24675/,16.0,16.0,10000,,120,120.0,RUB,16.0,True,True,False,False,,,,нет,по ставке до востребования,7.4,16.0
327,ВТБ,https://static3.banki.ru/ugc/46/dd/97/e5/327.svg,1000,ВТБ-Вклад (с пополнением и снятием),https://www.banki.ru/products/deposits/deposit/24677/,12.75,12.75,15000000,300000000.0,61,61.0,RUB,12.82,False,True,True,True,,,,по выбору клиента,по ставке до востребования,1.74,12.82
327,ВТБ,https://static3.banki.ru/ugc/46/dd/97/e5/327.svg,1000,ВТБ-Вклад (с пополнением),https://www.banki.ru/products/deposits/deposit/24676/,12.9,12.9,15000000,300000000.0,61,61.0,RUB,12.97,False,True,False,True,,,,по выбору клиента,по ставке до востребования,1.8,12.97
5306,ПСБ,https://static4.banki.ru/ugc/b1/d8/4d/82/5306.svg,3251,Стабильный доход,https://www.banki.ru/products/deposits/deposit/25413/,15.0,15.0,3000000,,181,181.0,RUB,15.0,False,True,False,False,,,,нет,по ставке до востребования,11.0,15.0
5306,ПСБ,https://static4.banki.ru/ugc/b1/d8/4d/82/5306.svg,3251,Мой доход,https://www.banki.ru/products/deposits/deposit/18837/,15.1,15.1,10000,,91,91.0,RUB,15.1,False,True,False,True,,,,нет,на льготных условиях,11.5,15.1
5306,ПСБ,https://static4.banki.ru/ugc/b1/d8/4d/82/5306.svg,3251,Про запас,https://www.banki.ru/products/deposits/deposit/21428/,15.0,15.0,1,5000000.0,30,61.0,RUB,15.0,False,True,True,True,,,,по выбору клиента,на льготных условиях,5.0,15.0
5306,ПСБ,https://static4.banki.ru/ugc/b1/d8/4d/82/5306.svg,3251,Огонь ставка,https://www.banki.ru/products/deposits/deposit/25933/,15.0,15.0,100000,,250,250.0,RUB,15.0,False,True,False,True,,,,нет,по ставке до востребования,15.0,15.0
5306,ПСБ,https://static4.banki.ru/ugc/b1/d8/4d/82/5306.svg,3251,Сильная ставка,https://www.banki.ru/products/deposits/deposit/25937/,16.2,16.2,100000,,91,91.0,RUB,16.2,False,True,False,False,,,,нет,по ставке до востребования,12.0,16.2
5306,ПСБ,https://static4.banki.ru/ugc/b1/d8/4d/82/5306.svg,3251,Хранитель (на минимальный остаток),https://www.banki.ru/products/deposits/deposit/25878/,14.0,14.0,10000,,30,,RUB,14.0,False,True,True,True,,,,по выбору клиента,на льготных условиях,14.0,14.0
5306,ПСБ,https://static4.banki.ru/ugc/b1/d8/4d/82/5306.svg,3251,Хранитель (на ежедневный остаток),https://www.banki.ru/products/deposits/deposit/25879/,12.0,12.0,10000,,30,,RUB,12.0,False,True,True,True,,,,по выбору клиента,на льготных условиях,12.0,12.0
5306,ПСБ,https://static4.banki.ru/ugc/b1/d8/4d/82/5306.svg,3251,Моя копилка,https://www.banki.ru/products/deposits/deposit/10780/,12.0,12.0,100000,20000000.0,91,91.0,RUB,12.12,False,True,False,True,,,,по выбору клиента,по ставке до востребования,10.47,12.12
5306,ПСБ,https://static4.banki.ru/ugc/b1/d8/4d/82/5306.svg,3251,Мои возможности,https://www.banki.ru/products/deposits/deposit/3520/,11.0,11.0,100000,20000000.0,91,91.0,RUB,11.1,False,True,True,True,,,,по выбору клиента,по ставке до востребования,9.38,11.1
5306,ПСБ,https://static4.banki.ru/ugc/b1/d8/4d/82/5306.svg,3251,Акцент на процент,https://www.banki.ru/products/deposits/deposit/21427/,10.0,10.0,1,,30,,RUB,10.0,False,True,True,True,,,,по выбору клиента,на льготных условиях,10.0,10.0
5306,ПСБ,https://static4.banki.ru/ugc/b1/d8/4d/82/5306.svg,3251,Сильная ставка,https://www.banki.ru/products/deposits/deposit/22446/,16.2,16.2,100000,,91,91.0,RUB,16.2,False,True,False,False,,,,нет,по ставке до востребования,12.0,16.2
2237,Банк ДОМ.РФ,https://static4.banki.ru/ugc/09/61/83/70/2237.svg,2312,ДОМа надежно,https://www.banki.ru/products/deposits/deposit/25924/,15.5,15.5,1500000,15000000.0,91,91.0,RUB,15.5,True,True,False,False,Бонус от суммы вклада за оформление онлайн на Банки.ру,1.5,https://www.banki.ru/specials/deposits/bonus_k_stavke/,нет,по ставке до востребования,15.4,15.5
2237,Банк ДОМ.РФ,https://static4.banki.ru/ugc/09/61/83/70/2237.svg,2312,ДОМа надежно,https://www.banki.ru/products/deposits/deposit/24376/,14.5,14.5,10000,1499999.0,181,181.0,RUB,14.5,False,True,False,False,,,,нет,по ставке до востребования,14.5,14.5
2237,Банк ДОМ.РФ,https://static4.banki.ru/ugc/09/61/83/70/2237.svg,2312,ДОМа надежно,https://www.banki.ru/products/deposits/deposit/25581/,14.6,14.6,1500000,15000000.0,181,181.0,RUB,14.6,False,True,False,False,,,,нет,по ставке до востребования,14.6,14.6
2237,Банк ДОМ.РФ,https://static4.banki.ru/ugc/09/61/83/70/2237.svg,2312,ДОМа надежно,https://www.banki.ru/products/deposits/deposit/25080/,11.5,11.5,10000,1499999.0,31,31.0,RUB,11.5,False,True,False,False,,,,нет,по ставке до востребования,11.5,11.5
2237,Банк ДОМ.РФ,https://static4.banki.ru/ugc/09/61/83/70/2237.svg,2312,ДОМа надежно,https://www.banki.ru/products/deposits/deposit/25579/,11.6,11.6,1500000,15000000.0,31,31.0,RUB,11.6,False,True,False,False,,,,нет,по ставке до востребования,11.6,11.6
2237,Банк ДОМ.РФ,https://static4.banki.ru/ugc/09/61/83/70/2237.svg,2312,ДОМа надежно,https://www.banki.ru/products/deposits/deposit/24562/,12.6,12.6,10000,1499999.0,367,367.0,RUB,12.6,False,True,False,False,,,,нет,по ставке до востребования,12.6,12.6
2237,Банк ДОМ.РФ,https://static4.banki.ru/ugc/09/61/83/70/2237.svg,2312,ДОМа надежно,https://www.banki.ru/products/deposits/deposit/25582/,12.7,12.7,1500000,15000000.0,367,367.0,RUB,12.7,False,True,False,False,,,,нет,по ставке до востребования,12.7,12.7
196704,Банк НООСФЕРА,https://static3.banki.ru/ugc/89/61/da/f7/196704.svg,2650,Стратегия успеха_181,https://www.banki.ru/products/deposits/deposit/25870/,15.15,15.15,50000,,181,181.0,RUB,15.15,False,True,False,False,,,,нет,по ставке до востребования,15.15,15.15
196704,Банк НООСФЕРА,https://static3.banki.ru/ugc/89/61/da/f7/196704.svg,2650,На все 100,https://www.banki.ru/products/deposits/deposit/25649/,15.5,15.5,50000,,100,100.0,RUB,15.5,False,True,False,False,,,,нет,по ставке до востребования,15.5,15.5
196704,Банк НООСФЕРА,https://static3.banki.ru/ugc/89/61/da/f7/196704.svg,2650,Стратегия успеха_367,https://www.banki.ru/products/deposits/deposit/25872/,14.5,14.5,50000,,367,367.0,RUB,14.5,False,True,False,False,,,,нет,по ставке до востребования,14.5,14.5
196704,Банк НООСФЕРА,https://static3.banki.ru/ugc/89/61/da/f7/196704.svg,2650,Стратегия успеха_271,https://www.banki.ru/products/deposits/deposit/25871/,14.0,14.0,50000,,271,271.0,RUB,14.0,False,True,False,False,,,,нет,по ставке до востребования,14.0,14.0
196704,Банк НООСФЕРА,https://static3.banki.ru/ugc/89/61/da/f7/196704.svg,2650,Стратегия успеха_540,https://www.banki.ru/products/deposits/deposit/25873/,12.0,12.0,50000,,540,540.0,RUB,12.0,False,True,False,False,,,,нет,по ставке до востребования,12.0,12.0
196704,Банк НООСФЕРА,https://static3.banki.ru/ugc/89/61/da/f7/196704.svg,2650,Стратегия успеха_730,https://www.banki.ru/products/deposits/deposit/25874/,11.5,11.5,50000,,730,730.0,RUB,11.5,False,True,False,False,,,,нет,по ставке до востребования,11.5,11.5
196704,Банк НООСФЕРА,https://static3.banki.ru/ugc/89/61/da/f7/196704.svg,2650,Стратегия успеха_1100,https://www.banki.ru/products/deposits/deposit/25875/,10.0,10.0,50000,,1100,1100.0,RUB,10.0,False,True,False,False,,,,нет,по ставке до востребования,10.0,10.0
11518,Банк ТКБ,https://static4.banki.ru/ugc/5b/a2/58/f0/11518.svg,2210,ТКБ. Потенциальный доход_91,https://www.banki.ru/products/deposits/deposit/24809/,15.0,15.0,100000,3000000.0,91,91.0,RUB,15.0,False,True,False,False,,,,нет,по ставке до востребования,15.0,15.0
11518,Банк ТКБ,https://static4.banki.ru/ugc/5b/a2/58/f0/11518.svg,2210,ТКБ. Потенциальный доход_181,https://www.banki.ru/products/deposits/deposit/24774/,14.1,14.1,100000,3000000.0,181,181.0,RUB,14.1,False,True,False,False,,,,нет,по ставке до востребования,14.1,14.1
11518,Банк ТКБ,https://static4.banki.ru/ugc/5b/a2/58/f0/11518.svg,2210,ТКБ. Потенциальный доход_367,https://www.banki.ru/products/deposits/deposit/24810/,13.25,13.25,100000,3000000.0,367,367.0,RUB,13.25,False,True,False,False,,,,нет,по ставке до востребования,13.25,13.25
7292,Московский кредитный банк (МКБ),https://static2.banki.ru/ugc/c3/65/85/21/7292.svg,1978,МКБ. Перспектива,https://www.banki.ru/products/deposits/deposit/25414/,15.1,15.1,10000,3000000.0,95,95.0,RUB,15.1,True,True,False,False,Бонус от суммы вклада за оформление онлайн на Банки.ру,1.5,https://www.banki.ru/specials/deposits/bonus_k_stavke/,нет,по ставке до востребования,15.1,15.1
7292,Московский кредитный банк (МКБ),https://static2.banki.ru/ugc/c3/65/85/21/7292.svg,1978,МКБ. Перспектива,https://www.banki.ru/products/deposits/deposit/25416/,14.4,14.4,10000,3000000.0,370,370.0,RUB,14.4,False,True,False,False,,,,нет,по ставке до востребования,14.4,14.4
7292,Московский кредитный банк (МКБ),https://static2.banki.ru/ugc/c3/65/85/21/7292.svg,1978,МКБ. Перспектива,https://www.banki.ru/products/deposits/deposit/25415/,14.6,14.6,10000,3000000.0,185,185.0,RUB,14.6,False,True,False,False,,,,нет,по ставке до востребования,14.6,14.6
7292,Московский кредитный банк (МКБ),https://static2.banki.ru/ugc/c3/65/85/21/7292.svg,1978,МКБ. Перспектива,https://www.banki.ru/products/deposits/deposit/25417/,13.5,13.5,10000,3000000.0,540,540.0,RUB,13.5,False,True,False,False,,,,нет,по ставке до востребования,13.5,13.5
7292,Московский кредитный банк (МКБ),https://static2.banki.ru/ugc/c3/65/85/21/7292.svg,1978,МКБ. Перспектива,https://www.banki.ru/products/deposits/deposit/25418/,13.4,13.4,10000,3000000.0,730,730.0,RUB,13.4,False,True,False,False,,,,нет,по ставке до востребования,13.4,13.4
7292,Московский кредитный банк (МКБ),https://static2.banki.ru/ugc/c3/65/85/21/7292.svg,1978,МКБ. Перспектива,https://www.banki.ru/products/deposits/deposit/25419/,13.0,13.0,10000,3000000.0,1100,1100.0,RUB,13.0,False,True,False,False,,,,нет,по ставке до востребования,13.0,13.0
7292,Московский кредитный банк (МКБ),https://static2.banki.ru/ugc/c3/65/85/21/7292.svg,1978,МКБ. Праздничный,https://www.banki.ru/products/deposits/deposit/25877/,16.0,16.0,10000,5000000.0,95,95.0,RUB,16.0,False,True,False,False,,,,нет,по ставке до востребования,13.0,16.0
7292,Московский кредитный банк (МКБ),https://static2.banki.ru/ugc/c3/65/85/21/7292.svg,1978,МКБ. Пополняемый (в конце срока),https://www.banki.ru/products/deposits/deposit/25801/,13.6,13.6,50000,1000000.0,95,95.0,RUB,13.6,False,True,False,True,,,,нет,по ставке до востребования,11.3,13.6
7292,Московский кредитный банк (МКБ),https://static2.banki.ru/ugc/c3/65/85/21/7292.svg,1978,МКБ. Пополняемый (ежемесячно),https://www.banki.ru/products/deposits/deposit/25802/,13.3,13.3,50000,1000000.0,95,95.0,RUB,13.46,False,True,False,True,,,,по выбору клиента,по ставке до востребования,11.03,13.46
7292,Московский кредитный банк (МКБ),https://static2.banki.ru/ugc/c3/65/85/21/7292.svg,1978,МКБ. Гранд (в конце срока),https://www.banki.ru/products/deposits/deposit/18795/,13.2,13.2,10000,3000000.0,95,95.0,RUB,13.2,False,False,False,False,,,,нет,по ставке до востребования,10.1,13.2
7292,Московский кредитный банк (МКБ),https://static2.banki.ru/ugc/c3/65/85/21/7292.svg,1978,МКБ. Перспектива (ежемесячно),https://www.banki.ru/products/deposits/deposit/23916/,12.6,12.6,10000,3000000.0,95,95.0,RUB,12.6,False,True,False,False,,,,нет,по ставке до востребования,9.0,12.6
7292,Московский кредитный банк (МКБ),https://static2.banki.ru/ugc/c3/65/85/21/7292.svg,1978,МКБ. Гранд (ежемесячно),https://www.banki.ru/products/deposits/deposit/25166/,11.7,11.7,10000,3000000.0,95,95.0,RUB,11.7,False,False,False,False,,,,нет,по ставке до востребования,8.1,11.7
7292,Московский кредитный банк (МКБ),https://static2.banki.ru/ugc/c3/65/85/21/7292.svg,1978,Накопительный счет,https://www.banki.ru/products/deposits/deposit/19081/,3.5,3.5,1,,30,,RUB,3.5,False,True,True,True,,,,по выбору клиента,на льготных условиях,3.5,3.5
193407,Энерготрансбанк,https:,1307,Доход плюс Банки.ру,https://www.banki.ru/products/deposits/deposit/25236/,15.5,15.5,50000,,91,91.0,RUB,15.5,False,True,False,False,,,,нет,по ставке до востребования,15.5,15.5
193407,Энерготрансбанк,https:,1307,Доход плюс Банки.ру,https://www.banki.ru/products/deposits/deposit/25953/,14.5,14.5,50000,,60,60.0,RUB,14.5,False,True,False,False,,,,нет,по ставке до востребования,14.5,14.5
12374,НС Банк,https://static3.banki.ru/ugc/42/80/36/1d/12374.svg,3124,Выгодный союз,https://www.banki.ru/products/deposits/deposit/24799/,15.15,15.15,50000,3000000.0,90,90.0,RUB,15.15,False,True,False,False,,,,нет,по ставке до востребования,15.15,15.15
12374,НС Банк,https://static3.banki.ru/ugc/42/80/36/1d/12374.svg,3124,Выгодный союз,https://www.banki.ru/products/deposits/deposit/25060/,14.4,14.4,50000,3000000.0,150,150.0,RUB,14.4,False,True,False,False,,,,нет,по ставке до востребования,14.4,14.4
37473,СДМ-Банк,https://static4.banki.ru/ugc/51/f7/b1/2b/37473.svg,1637,Новое знакомство,https://www.banki.ru/products/deposits/deposit/25752/,14.9,14.9,100000,1499999.0,91,91.0,RUB,14.9,False,True,False,False,,,,нет,на льготных условиях,14.9,14.9
37473,СДМ-Банк,https://static4.banki.ru/ugc/51/f7/b1/2b/37473.svg,1637,Новое знакомство,https://www.banki.ru/products/deposits/deposit/25492/,14.1,14.1,100000,1499999.0,181,181.0,RUB,14.1,False,True,False,False,,,,нет,на льготных условиях,14.1,14.1
37473,СДМ-Банк,https://static4.banki.ru/ugc/51/f7/b1/2b/37473.svg,1637,Новое знакомство,https://www.banki.ru/products/deposits/deposit/25753/,14.9,14.9,1500000,2999999.0,91,91.0,RUB,14.9,False,True,False,False,,,,нет,на льготных условиях,14.9,14.9
37473,СДМ-Банк,https://static4.banki.ru/ugc/51/f7/b1/2b/37473.svg,1637,Новое знакомство,https://www.banki.ru/products/deposits/deposit/25491/,14.1,14.1,1500000,2999999.0,181,181.0,RUB,14.1,False,True,False,False,,,,нет,на льготных условиях,14.1,14.1
37473,СДМ-Банк,https://static4.banki.ru/ugc/51/f7/b1/2b/37473.svg,1637,Новое знакомство,https://www.banki.ru/products/deposits/deposit/25754/,14.9,14.9,3000000,100000000.0,91,91.0,RUB,14.9,False,True,False,False,,,,нет,на льготных условиях,14.9,14.9
37473,СДМ-Банк,https://static4.banki.ru/ugc/51/f7/b1/2b/37473.svg,1637,Новое знакомство,https://www.banki.ru/products/deposits/deposit/25508/,14.1,14.1,3000000,100000000.0,181,181.0,RUB,14.1,False,True,False,False,,,,нет,на льготных условиях,14.1,14.1
37473,СДМ-Банк,https://static4.banki.ru/ugc/51/f7/b1/2b/37473.svg,1637,Новое знакомство,https://www.banki.ru/products/deposits/deposit/25489/,12.6,12.6,100000,1499999.0,367,367.0,RUB,12.6,False,True,False,False,,,,нет,на льготных условиях,12.6,12.6
68792,ФИНСТАР БАНК,https://static2.banki.ru/ugc/5b/65/1e/2c/68792.svg,3245,Классический онлайн,https://www.banki.ru/products/deposits/deposit/25692/,14.0,14.0,200000,2000000.0,91,91.0,RUB,14.0,True,True,False,False,Бонус от суммы вклада за оформление онлайн на Банки.ру,1.5,https://www.banki.ru/specials/deposits/bonus_k_stavke/,нет,по ставке до востребования,14.0,14.0
68792,ФИНСТАР БАНК,https://static2.banki.ru/ugc/5b/65/1e/2c/68792.svg,3245,Классический онлайн,https://www.banki.ru/products/deposits/deposit/25803/,13.0,13.0,200000,2000000.0,181,181.0,RUB,13.0,False,True,False,False,,,,нет,по ставке до востребования,13.0,13.0
68792,ФИНСТАР БАНК,https://static2.banki.ru/ugc/5b/65/1e/2c/68792.svg,3245,Классический онлайн,https://www.banki.ru/products/deposits/deposit/25804/,12.0,12.0,200000,2000000.0,367,367.0,RUB,12.0,False,True,False,False,,,,нет,по ставке до востребования,12.0,12.0
76555,МОРСКОЙ БАНК,https://static2.banki.ru/ugc/4c/f7/29/0e/76555.svg,77,Летний (Банки.ру),https://www.banki.ru/products/deposits/deposit/25595/,14.0,14.0,100000,5000000.0,91,91.0,RUB,14.0,False,True,False,False,,,,нет,по ставке до востребования,14.0,14.0
76555,МОРСКОЙ БАНК,https://static2.banki.ru/ugc/4c/f7/29/0e/76555.svg,77,Летний (Банки.ру),https://www.banki.ru/products/deposits/deposit/25596/,13.0,13.0,100000,5000000.0,181,181.0,RUB,13.0,False,True,False,False,,,,нет,по ставке до востребования,13.0,13.0
76555,МОРСКОЙ БАНК,https://static2.banki.ru/ugc/4c/f7/29/0e/76555.svg,77,Летний (Банки.ру),https://www.banki.ru/products/deposits/deposit/25597/,12.0,12.0,100000,5000000.0,367,367.0,RUB,12.0,False,True,False,False,,,,нет,по ставке до востребования,12.0,12.0
191107,Дальневосточный Банк,https://static2.banki.ru/ugc/49/4e/96/45/191107.svg,843,Финанс. Банки.ру,https://www.banki.ru/products/deposits/deposit/25513/,13.0,13.0,150000,5000000.0,93,93.0,RUB,13.0,False,True,False,False,,,,нет,по ставке до востребования,13.0,13.0
191107,Дальневосточный Банк,https://static2.banki.ru/ugc/49/4e/96/45/191107.svg,843,Мультивалютный,https://www.banki.ru/products/deposits/deposit/25412/,16.0,16.0,70000,,186,186.0,RUB,16.0,False,False,False,False,,,,нет,по ставке до востребования,16.0,16.0
191107,Дальневосточный Банк,https://static2.banki.ru/ugc/49/4e/96/45/191107.svg,843,Новые возможности,https://www.banki.ru/products/deposits/deposit/23584/,15.0,15.0,50000,,62,62.0,RUB,15.0,False,True,False,False,,,,нет,по ставке до востребования,13.0,15.0
191107,Дальневосточный Банк,https://static2.banki.ru/ugc/49/4e/96/45/191107.svg,843,Доходный (в конце срока),https://www.banki.ru/products/deposits/deposit/2226/,14.4,14.4,10000,,93,93.0,RUB,14.4,False,True,False,True,,,,нет,по ставке до востребования,12.9,14.4
191107,Дальневосточный Банк,https://static2.banki.ru/ugc/49/4e/96/45/191107.svg,843,Доходный (ежемесячно),https://www.banki.ru/products/deposits/deposit/19792/,14.2,14.2,10000,,93,93.0,RUB,14.2,False,True,False,True,,,,нет,по ставке до востребования,12.8,14.2
191107,Дальневосточный Банк,https://static2.banki.ru/ugc/49/4e/96/45/191107.svg,843,Накопительный счет,https://www.banki.ru/products/deposits/deposit/24487/,12.0,12.0,10000,,30,,RUB,12.0,False,True,True,True,,,,по выбору клиента,на льготных условиях,12.0,12.0
191203,Примсоцбанк,https://static4.banki.ru/ugc/19/ea/d2/f5/191203.svg,2733,Спринт Маркетплейс,https://www.banki.ru/products/deposits/deposit/25234/,13.0,13.0,100000,50000000.0,91,91.0,RUB,13.0,False,True,False,False,,,,нет,по ставке до востребования,13.0,13.0
76620,Совкомбанк,https://static4.banki.ru/ugc/fa/77/10/4d/76620.svg,963,Онлайн–копилка,https://www.banki.ru/products/deposits/deposit/22702/,17.0,17.0,1,1500000.0,1,91.0,RUB,17.0,False,True,True,True,,,,есть,на льготных условиях,11.0,17.0
76620,Совкомбанк,https://static4.banki.ru/ugc/fa/77/10/4d/76620.svg,963,Зимняя выгода,https://www.banki.ru/products/deposits/deposit/25762/,15.1,15.1,50000,,90,90.0,RUB,15.1,False,True,False,True,,,,нет,по ставке до востребования,13.0,15.1
76620,Совкомбанк,https://static4.banki.ru/ugc/fa/77/10/4d/76620.svg,963,Гибкий,https://www.banki.ru/products/deposits/deposit/25472/,14.1,14.1,10000,,91,91.0,RUB,14.1,False,True,True,True,,,,нет,по ставке до востребования,11.0,14.1
76620,Совкомбанк,https://static4.banki.ru/ugc/fa/77/10/4d/76620.svg,963,Регулярные %%,https://www.banki.ru/products/deposits/deposit/25544/,14.1,14.1,50000,,90,90.0,RUB,14.1,False,True,False,True,,,,нет,по ставке до востребования,10.0,14.1
11752949,Ozon Банк,https://static4.banki.ru/ugc/a8/7e/27/c5/11752949.svg,3542,Накопительный счёт,https://www.banki.ru/products/deposits/deposit/23837/,17.0,17.0,1,,30,61.0,RUB,17.0,False,True,True,True,,,,по выбору клиента,на льготных условиях,12.0,17.0
11752949,Ozon Банк,https://static4.banki.ru/ugc/a8/7e/27/c5/11752949.svg,3542,Срочный,https://www.banki.ru/products/deposits/deposit/24384/,15.8,15.8,10000,,91,91.0,RUB,16.01,False,True,False,False,,,,есть,по ставке до востребования,13.51,16.01
11752949,Ozon Банк,https://static4.banki.ru/ugc/a8/7e/27/c5/11752949.svg,3542,Ежедневный доход,https://www.banki.ru/products/deposits/deposit/25494/,13.5,13.5,1,,1,,RUB,13.5,False,True,True,True,,,,по выбору клиента,на льготных условиях,13.5,13.5
192833,Азиатско-Тихоокеанский банк (АТБ),https://static4.banki.ru/ugc/21/2f/53/30/192833.svg,1810,Первый,https://www.banki.ru/products/deposits/deposit/25749/,17.0,17.0,1,1000000.0,30,61.0,RUB,17.0,False,False,True,True,,,,по выбору клиента,на льготных условиях,8.0,17.0
192833,Азиатско-Тихоокеанский банк (АТБ),https://static4.banki.ru/ugc/21/2f/53/30/192833.svg,1810,Новые деньги,https://www.banki.ru/products/deposits/deposit/25212/,15.5,15.5,50000,,182,182.0,RUB,15.5,False,True,False,False,,,,нет,по ставке до востребования,10.5,15.5
192833,Азиатско-Тихоокеанский банк (АТБ),https://static4.banki.ru/ugc/21/2f/53/30/192833.svg,1810,Доходный (в конце срока),https://www.banki.ru/products/deposits/deposit/25473/,15.0,15.0,50000,,182,182.0,RUB,15.0,False,True,False,False,,,,нет,по ставке до востребования,10.0,15.0
192833,Азиатско-Тихоокеанский банк (АТБ),https://static4.banki.ru/ugc/21/2f/53/30/192833.svg,1810,В плюсе,https://www.banki.ru/products/deposits/deposit/24533/,14.7,14.7,50000,,182,182.0,RUB,14.7,False,True,False,True,,,,нет,по ставке до востребования,13.34,14.7
192833,Азиатско-Тихоокеанский банк (АТБ),https://static4.banki.ru/ugc/21/2f/53/30/192833.svg,1810,Доходный (ежемесячно),https://www.banki.ru/products/deposits/deposit/25474/,14.62,14.62,50000,,92,92.0,RUB,14.62,False,True,False,False,,,,нет,по ставке до востребования,8.78,14.62
192833,Азиатско-Тихоокеанский банк (АТБ),https://static4.banki.ru/ugc/21/2f/53/30/192833.svg,1810,Пополняемый (в конце срока),https://www.banki.ru/products/deposits/deposit/25475/,13.5,13.5,50000,1000000.0,92,92.0,RUB,13.5,False,True,False,True,,,,нет,по ставке до востребования,6.5,13.5
192833,Азиатско-Тихоокеанский банк (АТБ),https://static4.banki.ru/ugc/21/2f/53/30/192833.svg,1810,Пополняемый (ежемесячно),https://www.banki.ru/products/deposits/deposit/25476/,13.35,13.35,50000,1000000.0,92,92.0,RUB,13.35,False,True,False,True,,,,нет,по ставке до востребования,5.95,13.35
192833,Азиатско-Тихоокеанский банк (АТБ),https://static4.banki.ru/ugc/21/2f/53/30/192833.svg,1810,АТБ.Счет+,https://www.banki.ru/products/deposits/deposit/24976/,10.0,10.0,1,3000000.0,30,,RUB,10.0,False,True,True,True,,,,по выбору клиента,на льготных условиях,8.0,10.0
325,Альфа-Банк,https://static4.banki.ru/ugc/75/c6/40/11/325.svg,1326,Альфа-Счёт (на минимальный остаток),https://www.banki.ru/products/deposits/deposit/18953/,16.5,16.5,1,1000000.0,30,61.0,RUB,16.5,False,True,True,True,,,,по выбору клиента,на льготных условиях,4.0,16.5
325,Альфа-Банк,https://static4.banki.ru/ugc/75/c6/40/11/325.svg,1326,Альфа-Вклад Новые деньги,https://www.banki.ru/products/deposits/deposit/25178/,15.79,15.79,50000,,123,123.0,RUB,16.11,False,True,False,False,,,,по выбору клиента,по ставке до востребования,8.1,16.11
325,Альфа-Банк,https://static4.banki.ru/ugc/75/c6/40/11/325.svg,1326,Альфа-Вклад Пенсионный,https://www.banki.ru/products/deposits/deposit/24426/,15.69,15.69,10000,,123,123.0,RUB,16.01,False,False,False,False,,,,по выбору клиента,по ставке до востребования,7.4,16.01
325,Альфа-Банк,https://static4.banki.ru/ugc/75/c6/40/11/325.svg,1326,Альфа-Вклад. Максимальный,https://www.banki.ru/products/deposits/deposit/23535/,15.69,15.69,50000,,123,123.0,RUB,16.01,False,True,False,False,,,,по выбору клиента,по ставке до востребования,7.3,16.01
325,Альфа-Банк,https://static4.banki.ru/ugc/75/c6/40/11/325.svg,1326,Альфа-Вклад (без пополнения и снятия),https://www.banki.ru/products/deposits/deposit/23316/,15.21,15.21,10000,,123,123.0,RUB,15.51,False,True,False,False,,,,по выбору клиента,по ставке до востребования,7.0,15.51
325,Альфа-Банк,https://static4.banki.ru/ugc/75/c6/40/11/325.svg,1326,Альфа-Счёт (на ежедневный остаток),https://www.banki.ru/products/deposits/deposit/24517/,14.5,14.5,1,1000000.0,30,61.0,RUB,14.5,False,True,True,True,,,,по выбору клиента,на льготных условиях,6.0,14.5
325,Альфа-Банк,https://static4.banki.ru/ugc/75/c6/40/11/325.svg,1326,Альфа-Вклад (с пополнением),https://www.banki.ru/products/deposits/deposit/20586/,14.13,14.13,300000,,92,92.0,RUB,14.3,False,True,False,True,,,,по выбору клиента,по ставке до востребования,8.3,14.3
325,Альфа-Банк,https://static4.banki.ru/ugc/75/c6/40/11/325.svg,1326,Альфа-Вклад (с пополнением и снятием),https://www.banki.ru/products/deposits/deposit/20587/,13.64,13.64,300000,,92,92.0,RUB,13.8,False,True,True,True,,,,по выбору клиента,по ставке до востребования,7.8,13.8
189187,Солид Банк,https://static2.banki.ru/ugc/e0/50/ea/6b/189187.svg,1329,Детский,https://www.banki.ru/products/deposits/deposit/21343/,16.5,16.5,5000,,1096,1096.0,RUB,20.81,False,False,False,True,,,,есть,по ставке до востребования,20.81,20.81
189187,Солид Банк,https://static2.banki.ru/ugc/e0/50/ea/6b/189187.svg,1329,Мандарин,https://www.banki.ru/products/deposits/deposit/25932/,16.0,16.0,30000,5000000.0,91,91.0,RUB,16.0,False,False,False,False,,,,нет,по ставке до востребования,16.0,16.0
189187,Солид Банк,https://static2.banki.ru/ugc/e0/50/ea/6b/189187.svg,1329,Стабильный процент,https://www.banki.ru/products/deposits/deposit/22884/,14.5,14.5,50000,,180,180.0,RUB,14.5,False,False,False,True,,,,нет,по ставке до востребования,14.5,14.5
189187,Солид Банк,https://static2.banki.ru/ugc/e0/50/ea/6b/189187.svg,1329,Солидная копилка,https://www.banki.ru/products/deposits/deposit/24925/,13.0,13.0,1,,1,,RUB,13.0,False,False,True,True,,,,по выбору клиента,на льготных условиях,13.0,13.0
189187,Солид Банк,https://static2.banki.ru/ugc/e0/50/ea/6b/189187.svg,1329,Пенсионный,https://www.banki.ru/products/deposits/deposit/25545/,13.0,13.0,50000,,180,180.0,RUB,13.35,False,False,False,True,,,,по выбору клиента,по ставке до востребования,12.69,13.35
189187,Солид Банк,https://static2.banki.ru/ugc/e0/50/ea/6b/189187.svg,1329,VIP,https://www.banki.ru/products/deposits/deposit/23784/,13.0,13.0,5000000,,367,367.0,RUB,13.0,False,False,False,True,,,,нет,на льготных условиях,13.0,13.0
189187,Солид Банк,https://static2.banki.ru/ugc/e0/50/ea/6b/189187.svg,1329,Юбилейный 35,https://www.banki.ru/products/deposits/deposit/25952/,12.92,12.92,35000,,365,365.0,RUB,12.92,False,,False,True,,,,нет,на льготных условиях,12.92,12.92
189187,Солид Банк,https://static2.banki.ru/ugc/e0/50/ea/6b/189187.svg,1329,Солидный,https://www.banki.ru/products/deposits/deposit/21721/,11.25,11.25,30000,,730,730.0,RUB,12.55,False,False,False,True,,,,есть,на льготных условиях,12.55,12.55
189187,Солид Банк,https://static2.banki.ru/ugc/e0/50/ea/6b/189187.svg,1329,Перспективный,https://www.banki.ru/products/deposits/deposit/23635/,11.0,11.0,50000,,730,730.0,RUB,11.0,False,False,False,True,,,,нет,на льготных условиях,11.0,11.0
12386098,Рокетбанк,https:,963,Срочный,https://www.banki.ru/products/deposits/deposit/25839/,16.5,16.5,10000,,60,60.0,RUB,16.5,False,False,True,False,,,,нет,по ставке до востребования,15.0,16.5
187472,Яндекс Банк,https://static3.banki.ru/ugc/15/14/a8/37/187472.svg,3027,Сейв,https://www.banki.ru/products/deposits/deposit/24672/,16.0,16.0,10000,10000000.0,91,91.0,RUB,16.0,False,True,False,True,,,,нет,по ставке до востребования,11.0,16.0
322,Сбербанк,https://static2.banki.ru/ugc/30/46/f1/aa/322.svg,1481,Лучший % (в конце срока),https://www.banki.ru/products/deposits/deposit/24536/,16.0,16.0,100000,,91,91.0,RUB,16.0,False,True,False,False,,,,нет,по ставке до востребования,7.0,16.0
322,Сбербанк,https://static2.banki.ru/ugc/30/46/f1/aa/322.svg,1481,Лучший % (ежемесячно),https://www.banki.ru/products/deposits/deposit/23255/,15.55,15.55,100000,,91,91.0,RUB,15.55,False,True,False,False,,,,нет,по ставке до востребования,6.35,15.55
322,Сбербанк,https://static2.banki.ru/ugc/30/46/f1/aa/322.svg,1481,Ключевой детский,https://www.banki.ru/products/deposits/deposit/25366/,15.0,15.0,1,5000000.0,182,182.0,RUB,15.48,False,False,False,True,,,,по выбору клиента,по ставке до востребования,15.48,15.48
322,Сбербанк,https://static2.banki.ru/ugc/30/46/f1/aa/322.svg,1481,Ключевой,https://www.banki.ru/products/deposits/deposit/25906/,14.5,14.5,100000,,182,182.0,RUB,14.94,False,True,False,False,,,,по выбору клиента,по ставке до востребования,14.94,18.03
322,Сбербанк,https://static2.banki.ru/ugc/30/46/f1/aa/322.svg,1481,"СберВклад Молодёжный (без пополнения, в конце срока)",https://www.banki.ru/products/deposits/deposit/25777/,14.3,14.3,10000,,91,91.0,RUB,14.3,False,True,False,False,,,,нет,по ставке до востребования,6.8,14.3
322,Сбербанк,https://static2.banki.ru/ugc/30/46/f1/aa/322.svg,1481,"СберВклад Молодёжный (без пополнения, ежемесячно)",https://www.banki.ru/products/deposits/deposit/25778/,13.85,13.85,10000,,91,91.0,RUB,13.85,False,True,False,False,,,,нет,по ставке до востребования,6.15,13.85
322,Сбербанк,https://static2.banki.ru/ugc/30/46/f1/aa/322.svg,1481,"СберВклад (без пополнения, в конце срока)",https://www.banki.ru/products/deposits/deposit/25781/,13.5,13.5,1000000,,91,91.0,RUB,13.5,False,True,False,False,,,,нет,по ставке до востребования,5.8,13.5
322,Сбербанк,https://static2.banki.ru/ugc/30/46/f1/aa/322.svg,1481,"СберВклад (без пополнения, ежемесячно)",https://www.banki.ru/products/deposits/deposit/25782/,13.05,13.05,1000000,,91,91.0,RUB,13.05,False,True,False,False,,,,нет,по ставке до востребования,5.15,13.05
322,Сбербанк,https://static2.banki.ru/ugc/30/46/f1/aa/322.svg,1481,Накопилка,https://www.banki.ru/products/deposits/deposit/25699/,9.0,9.0,1,200000.0,30,30.0,RUB,9.0,False,True,True,True,,,,нет,по ставке до востребования,9.0,9.0
4725,Россельхозбанк,https://static3.banki.ru/ugc/28/27/34/72/4725.svg,3349,Доходный Пенсионный (в конце срока),https://www.banki.ru/products/deposits/deposit/20069/,15.6,15.6,500,,91,91.0,RUB,15.6,False,False,False,False,,,,нет,по ставке до востребования,7.6,15.6
4725,Россельхозбанк,https://static3.banki.ru/ugc/28/27/34/72/4725.svg,3349,Свой вклад (в конце срока),https://www.banki.ru/products/deposits/deposit/24508/,15.6,15.6,5000,,91,91.0,RUB,15.6,False,True,False,False,,,,нет,по ставке до востребования,7.8,15.6
4725,Россельхозбанк,https://static3.banki.ru/ugc/28/27/34/72/4725.svg,3349,Доходный Пенсионный (ежемесячно),https://www.banki.ru/products/deposits/deposit/22617/,15.4,15.4,500,,91,91.0,RUB,15.4,False,False,False,False,,,,нет,по ставке до востребования,6.8,15.4
4725,Россельхозбанк,https://static3.banki.ru/ugc/28/27/34/72/4725.svg,3349,Свой вклад (ежемесячно),https://www.banki.ru/products/deposits/deposit/24509/,15.4,15.4,5000,,91,91.0,RUB,15.6,False,True,False,False,,,,по выбору клиента,по ставке до востребования,7.48,15.6
4725,Россельхозбанк,https://static3.banki.ru/ugc/28/27/34/72/4725.svg,3349,Мой счёт,https://www.banki.ru/products/deposits/deposit/19284/,15.0,15.0,100,3000000.0,30,91.0,RUB,15.0,False,True,True,True,,,,по выбору клиента,на льготных условиях,8.0,15.0
4725,Россельхозбанк,https://static3.banki.ru/ugc/28/27/34/72/4725.svg,3349,Доходный (в конце срока),https://www.banki.ru/products/deposits/deposit/17602/,13.4,13.4,10000,,180,180.0,RUB,13.4,False,True,False,False,,,,нет,по ставке до востребования,6.3,13.4
4725,Россельхозбанк,https://static3.banki.ru/ugc/28/27/34/72/4725.svg,3349,Доходный (ежемесячно),https://www.banki.ru/products/deposits/deposit/25536/,12.8,12.8,10000,,180,180.0,RUB,13.14,False,True,False,False,,,,по выбору клиента,по ставке до востребования,6.02,13.14
4725,Россельхозбанк,https://static3.banki.ru/ugc/28/27/34/72/4725.svg,3349,Моя копилка,https://www.banki.ru/products/deposits/deposit/20301/,9.5,9.5,100,,30,,RUB,9.5,False,True,True,True,,,,по выбору клиента,на льготных условиях,9.5,9.5
4725,Россельхозбанк,https://static3.banki.ru/ugc/28/27/34/72/4725.svg,3349,Растущий доход,https://www.banki.ru/products/deposits/deposit/20476/,7.83,7.83,10000,,540,540.0,RUB,7.83,False,False,False,False,,,,нет,на льготных условиях,7.83,7.83
4725,Россельхозбанк,https://static3.banki.ru/ugc/28/27/34/72/4725.svg,3349,Пополняемый,https://www.banki.ru/products/deposits/deposit/18167/,6.3,6.3,700000,10000000.0,91,91.0,RUB,6.33,False,True,False,True,,,,по выбору клиента,по ставке до востребования,5.65,6.33
4725,Россельхозбанк,https://static3.banki.ru/ugc/28/27/34/72/4725.svg,3349,Пенсионный Плюс,https://www.banki.ru/products/deposits/deposit/7155/,6.2,6.2,2000000,10000000.0,395,395.0,RUB,6.4,False,False,True,True,,,,есть,по ставке до востребования,4.02,6.4
4725,Россельхозбанк,https://static3.banki.ru/ugc/28/27/34/72/4725.svg,3349,Комфортный,https://www.banki.ru/products/deposits/deposit/18169/,6.1,6.1,700000,10000000.0,91,91.0,RUB,6.13,False,True,True,True,,,,по выбору клиента,по ставке до востребования,4.08,6.13
4725,Россельхозбанк,https://static3.banki.ru/ugc/28/27/34/72/4725.svg,3349,Накопи на мечту,https://www.banki.ru/products/deposits/deposit/13200/,4.0,4.0,3000,10000000.0,730,730.0,RUB,4.16,False,False,False,True,,,,есть,на льготных условиях,3.46,4.24
195603,Крона-Банк,https:,2499,КРОНА–премиум,https://www.banki.ru/products/deposits/deposit/19230/,15.5,15.5,10000000,50000000.0,181,181.0,RUB,16.0,False,False,False,True,,,,по выбору клиента,на льготных условиях,16.0,16.0
195603,Крона-Банк,https:,2499,КРОНА–престиж,https://www.banki.ru/products/deposits/deposit/11673/,14.25,14.25,5000000,50000000.0,181,181.0,RUB,14.68,False,False,False,True,,,,по выбору клиента,на льготных условиях,14.68,14.68
195603,Крона-Банк,https:,2499,КРОНА–классик,https://www.banki.ru/products/deposits/deposit/17784/,12.5,12.5,1000000,5000000.0,181,181.0,RUB,12.83,False,False,False,True,,,,есть,по ставке до востребования,8.3,12.83
195603,Крона-Банк,https:,2499,Пенсионный,https://www.banki.ru/products/deposits/deposit/17783/,10.5,10.5,5000,5000000.0,367,367.0,RUB,11.02,False,False,False,True,,,,по выбору клиента,на льготных условиях,11.02,11.02
195603,Крона-Банк,https:,2499,КРОНА–комфорт,https://www.banki.ru/products/deposits/deposit/11672/,9.5,9.5,1000000,50000000.0,367,367.0,RUB,9.93,False,False,True,True,,,,по выбору клиента,по ставке до востребования,5.12,9.93
195603,Крона-Банк,https:,2499,Пенсионный плюс,https://www.banki.ru/products/deposits/deposit/4802/,5.5,5.5,1000,5000000.0,730,730.0,RUB,5.8,False,False,True,True,,,,по выбору клиента,на льготных условиях,5.8,5.8
114461,Банк ФИНАМ,https://static3.banki.ru/ugc/5a/31/0d/ab/114461.svg,2799,Ваши правила (без опций с выплатой в конце срока),https://www.banki.ru/products/deposits/deposit/24243/,15.0,15.0,30000,,31,31.0,RUB,15.0,False,True,False,False,,,,нет,по ставке до востребования,9.0,15.0
114461,Банк ФИНАМ,https://static3.banki.ru/ugc/5a/31/0d/ab/114461.svg,2799,Ваши правила (без опций с выплатой ежемесячно),https://www.banki.ru/products/deposits/deposit/24244/,14.8,14.8,30000,,60,60.0,RUB,14.8,False,True,False,False,,,,нет,по ставке до востребования,6.4,14.8
114461,Банк ФИНАМ,https://static3.banki.ru/ugc/5a/31/0d/ab/114461.svg,2799,Лучший,https://www.banki.ru/products/deposits/deposit/19867/,14.8,14.8,300000,,60,60.0,RUB,14.8,False,False,False,False,,,,нет,по ставке до востребования,11.4,14.8
114461,Банк ФИНАМ,https://static3.banki.ru/ugc/5a/31/0d/ab/114461.svg,2799,Максимум+,https://www.banki.ru/products/deposits/deposit/19869/,14.7,14.7,10000,,31,60.0,RUB,14.7,False,False,False,False,,,,нет,по ставке до востребования,11.3,14.7
114461,Банк ФИНАМ,https://static3.banki.ru/ugc/5a/31/0d/ab/114461.svg,2799,"Ваши правила (с пополнением, выплата в конце срока)",https://www.banki.ru/products/deposits/deposit/24248/,14.7,14.7,30000,,31,31.0,RUB,14.7,False,True,False,True,,,,нет,по ставке до востребования,7.0,14.7
114461,Банк ФИНАМ,https://static3.banki.ru/ugc/5a/31/0d/ab/114461.svg,2799,"Ваши правила (с пополнением, выплата ежемесячно)",https://www.banki.ru/products/deposits/deposit/24246/,14.4,14.4,30000,,60,60.0,RUB,14.4,False,True,False,True,,,,нет,по ставке до востребования,4.4,14.4
114461,Банк ФИНАМ,https://static3.banki.ru/ugc/5a/31/0d/ab/114461.svg,2799,"Ваши правила (с пополнением и снятием, выплата в конце срока)",https://www.banki.ru/products/deposits/deposit/24245/,13.4,13.4,30000,,31,31.0,RUB,13.4,False,True,True,True,,,,нет,по ставке до востребования,7.0,13.4
114461,Банк ФИНАМ,https://static3.banki.ru/ugc/5a/31/0d/ab/114461.svg,2799,"Ваши правила (с пополнением и снятием, выплата ежемесячно)",https://www.banki.ru/products/deposits/deposit/24247/,13.1,13.1,30000,,60,60.0,RUB,13.1,False,True,True,True,,,,нет,по ставке до востребования,4.4,13.1
194275,Почта Банк,https://static3.banki.ru/ugc/8c/a7/56/ab/194275.svg,650,Горячий сезон,https://www.banki.ru/products/deposits/deposit/21504/,13.6,13.6,10000,,61,61.0,RUB,13.6,False,True,False,False,,,,нет,по ставке до востребования,13.6,13.6
12453,ГЕНБАНК,https:,2490,Пополняемый (в конце срока),https://www.banki.ru/products/deposits/deposit/25198/,13.3,13.3,30000,,91,91.0,RUB,13.3,False,True,False,True,,,,нет,по ставке до востребования,9.5,13.3
12453,ГЕНБАНК,https:,2490,Пополняемый (ежемесячно),https://www.banki.ru/products/deposits/deposit/25199/,13.0,13.0,30000,,91,91.0,RUB,13.0,False,True,False,True,,,,нет,по ставке до востребования,8.5,13.0
195706,Т-Банк,https://static2.banki.ru/ugc/e9/35/db/f0/195706.svg,2673,СмартВклад со стандартной ставкой,https://www.banki.ru/products/deposits/deposit/1701/,13.0,13.0,50000,,61,61.0,RUB,13.07,False,True,True,True,,,,по выбору клиента,по ставке до востребования,8.59,13.14
195706,Т-Банк,https://static2.banki.ru/ugc/e9/35/db/f0/195706.svg,2673,Накопительный счет,https://www.banki.ru/products/deposits/deposit/22988/,9.0,9.0,1,,30,,RUB,9.0,False,True,True,True,,,,по выбору клиента,на льготных условиях,9.0,9.0
195706,Т-Банк,https://static2.banki.ru/ugc/e9/35/db/f0/195706.svg,2673,СмартВклад с повышенной ставкой,https://www.banki.ru/products/deposits/deposit/14907/,16.0,16.0,50000,,91,91.0,RUB,16.21,False,True,True,True,,,,по выбору клиента,по ставке до востребования,10.93,16.21
15227,Ланта-Банк,https:,1920,Оптимальный,https://www.banki.ru/products/deposits/deposit/25632/,12.5,12.5,5000000,,92,92.0,RUB,12.5,False,False,True,True,,,,нет,по ставке до востребования,8.5,12.5
15227,Ланта-Банк,https:,1920,Перспективный,https://www.banki.ru/products/deposits/deposit/25631/,10.75,10.75,500000,,92,92.0,RUB,10.75,False,False,False,True,,,,нет,по ставке до востребования,8.5,10.75
63520,Уралсиб,https://static3.banki.ru/ugc/bd/4b/42/dd/63520.svg,30,Уралсиб счет,https://www.banki.ru/products/deposits/deposit/24928/,10.0,10.0,1000000,2000000.0,30,,RUB,10.0,False,True,True,True,,,,по выбору клиента,на льготных условиях,10.0,10.0
187059,АКБ «БЭНК ОФ ЧАЙНА»,https:,2309,Комфортный,https://www.banki.ru/products/deposits/deposit/19720/,8.0,8.0,1000000,,91,91.0,RUB,8.0,False,False,False,False,,,,нет,по ставке до востребования,6.5,8.0
187059,АКБ «БЭНК ОФ ЧАЙНА»,https:,2309,Накопительный,https://www.banki.ru/products/deposits/deposit/19722/,8.0,8.0,1000000,,91,91.0,RUB,8.0,False,False,False,False,,,,нет,по ставке до востребования,6.5,8.0
