productId,productUid,productType,productName,name,url,smallImage,updatedAt,partner_id,partner_uid,partner_type,partner_name,partner_image,partner_license,partner_url,partner_phone,partner_address,partner_code,meta_currency,meta_detailLink,meta_rateMin,meta_rateMax,meta_rateRange,meta_fullCreditRateMin,meta_fullCreditRateMax,meta_amountMin,meta_amountMax,meta_amountRange,meta_termMin,meta_termMax,meta_periodFromNotation,meta_periodToNotation,meta_termUnit,meta_issuanceCostMin,meta_issuanceCostMax,meta_annualServiceMin,meta_annualServiceMax,meta_cashWithdrawalsAtAtms,meta_cashWithdrawalsAtOtherBankAtms,meta_initialFeeMin,meta_initialFeeMax
17280,523203,credit,Запросто,Запросто,https://www.banki.ru/products/credits/credit/5232/,https://cdn.banki.ru/cdn/bank/96003_mobile_logo_url.png,17.11.2025 11:38,96003,960031,bank,Банк Синара,https://cdn.banki.ru/cdn/bank/96003_mobile_logo_url.png,705,www.sinara.ru,8 800 100-06-00,"620026, г. Екатеринбург, ул. Куйбышева, д. 75
",skb-bank,RUB,https://www.banki.ru/products/credits/credit/5232/,5.5,39.0,"5,5–39%",,,51000,5440000,51 000–5 440 000 ₽,365,1825,1y,5y,4,,,,,,,,
19306,20113103,credit,Под залог недвижимости «Большая покупка»,Под залог недвижимости «Большая покупка»,https://www.banki.ru/products/credits/credit/201131/,https://cdn.banki.ru/cdn/bank/96003_mobile_logo_url.png,17.11.2025 13:06,96003,960031,bank,Банк Синара,https://cdn.banki.ru/cdn/bank/96003_mobile_logo_url.png,705,www.sinara.ru,8 800 100-06-00,"620026, г. Екатеринбург, ул. Куйбышева, д. 75
",skb-bank,RUB,https://www.banki.ru/products/credits/credit/201131/,12.4,25.5,"12,4–25,5%",,,700000,13750000,700 000–13 750 000 ₽,365,5475,1y,15y,4,,,,,,,,
17147,501903,credit,Наличными,Наличными,https://www.banki.ru/products/credits/credit/5019/,https://cdn.banki.ru/cdn/bank/16196_mobile_logo_url.png,17.11.2025 12:11,16196,161961,bank,ОТП Банк,https://cdn.banki.ru/cdn/bank/16196_mobile_logo_url.png,2766,www.otpbank.ru,+7 (495) 775-47-75,"125171, г. Москва, Ленинградское ш., д. 16а, стр. 2
",otpbank,RUB,https://www.banki.ru/products/credits/credit/5019/,13.9,51.9,"13,9–51,9%",,,15000,3000000,15 000–3 000 000 ₽,365,2555,1y,7y,4,,,,,,,,
16833,306303,credit,Пенсионный плюс,Пенсионный плюс,https://www.banki.ru/products/credits/credit/3063/,https://cdn.banki.ru/cdn/bank/76620_mobile_logo_url.png,17.11.2025 10:39,76620,766201,bank,Совкомбанк,https://cdn.banki.ru/cdn/bank/76620_mobile_logo_url.png,963,www.sovcombank.ru,8 800 100-00-06,"156000, г. Кострома, просп. Текстильщиков, д. 46
",sovcombank,RUB,https://www.banki.ru/products/credits/credit/3063/,19.9,37.9,"19,9–37,9%",,,50000,399999,50 000–399 999 ₽,365,1825,5y,5y,4,,,,,,,,
17115,494603,credit,Прайм «Выгодный»,Прайм «Выгодный»,https://www.banki.ru/products/credits/credit/4946/,https://cdn.banki.ru/cdn/bank/76620_mobile_logo_url.png,17.11.2025 11:02,76620,766201,bank,Совкомбанк,https://cdn.banki.ru/cdn/bank/76620_mobile_logo_url.png,963,www.sovcombank.ru,8 800 100-00-06,"156000, г. Кострома, просп. Текстильщиков, д. 46
",sovcombank,RUB,https://www.banki.ru/products/credits/credit/4946/,14.9,39.9,"14,9–39,9%",,,300000,5000000,300 000–5 000 000 ₽,365,1825,1y,5y,4,,,,,,,,
17600,20100203,credit,Прайм «Специальный»,Прайм «Специальный»,https://www.banki.ru/products/credits/credit/201002/,https://cdn.banki.ru/cdn/bank/76620_mobile_logo_url.png,17.11.2025 10:56,76620,766201,bank,Совкомбанк,https://cdn.banki.ru/cdn/bank/76620_mobile_logo_url.png,963,www.sovcombank.ru,8 800 100-00-06,"156000, г. Кострома, просп. Текстильщиков, д. 46
",sovcombank,RUB,https://www.banki.ru/products/credits/credit/201002/,14.9,39.9,"14,9–39,9%",,,30000,3000000,30 000–3 000 000 ₽,365,1825,1y,5y,4,,,,,,,,
17033,458803,credit,Супер плюс,Супер плюс,https://www.banki.ru/products/credits/credit/4588/,https://cdn.banki.ru/cdn/bank/76620_mobile_logo_url.png,17.11.2025 10:57,76620,766201,bank,Совкомбанк,https://cdn.banki.ru/cdn/bank/76620_mobile_logo_url.png,963,www.sovcombank.ru,8 800 100-00-06,"156000, г. Кострома, просп. Текстильщиков, д. 46
",sovcombank,RUB,https://www.banki.ru/products/credits/credit/4588/,19.9,36.9,"19,9–36,9%",,,200000,3000000,200 000–3 000 000 ₽,549,1825,18m,5y,4,,,,,,,,
16934,394503,credit,Денежный кредит под залог авто «Выгодный»,Денежный кредит под залог авто «Выгодный»,https://www.banki.ru/products/credits/credit/3945/,https://cdn.banki.ru/cdn/bank/76620_mobile_logo_url.png,17.11.2025 10:53,76620,766201,bank,Совкомбанк,https://cdn.banki.ru/cdn/bank/76620_mobile_logo_url.png,963,www.sovcombank.ru,8 800 100-00-06,"156000, г. Кострома, просп. Текстильщиков, д. 46
",sovcombank,RUB,https://www.banki.ru/products/credits/credit/3945/,14.9,39.9,"14,9–39,9%",,,150000,15000000,150 000–15 000 000 ₽,365,1825,1y,5y,4,,,,,,,,
16814,277003,credit,Стандартный плюс,Стандартный плюс,https://www.banki.ru/products/credits/credit/2770/,https://cdn.banki.ru/cdn/bank/76620_mobile_logo_url.png,17.11.2025 10:43,76620,766201,bank,Совкомбанк,https://cdn.banki.ru/cdn/bank/76620_mobile_logo_url.png,963,www.sovcombank.ru,8 800 100-00-06,"156000, г. Кострома, просп. Текстильщиков, д. 46
",sovcombank,RUB,https://www.banki.ru/products/credits/credit/2770/,19.9,38.9,"19,9–38,9%",,,50000,399999,50 000–399 999 ₽,365,1825,5y,5y,4,,,,,,,,
17630,20103303,credit,Прайм Хит,Прайм Хит,https://www.banki.ru/products/credits/credit/201033/,https://cdn.banki.ru/cdn/bank/76620_mobile_logo_url.png,17.11.2025 11:02,76620,766201,bank,Совкомбанк,https://cdn.banki.ru/cdn/bank/76620_mobile_logo_url.png,963,www.sovcombank.ru,8 800 100-00-06,"156000, г. Кострома, просп. Текстильщиков, д. 46
",sovcombank,RUB,https://www.banki.ru/products/credits/credit/201033/,14.9,39.9,"14,9–39,9%",,,300000,5000000,300 000–5 000 000 ₽,365,1825,1y,5y,4,,,,,,,,
17673,20107603,credit,Под залог авто,Под залог авто,https://www.banki.ru/products/credits/credit/201076/,https://cdn.banki.ru/cdn/bank/76620_mobile_logo_url.png,17.11.2025 10:48,76620,766201,bank,Совкомбанк,https://cdn.banki.ru/cdn/bank/76620_mobile_logo_url.png,963,www.sovcombank.ru,8 800 100-00-06,"156000, г. Кострома, просп. Текстильщиков, д. 46
",sovcombank,RUB,https://www.banki.ru/products/credits/credit/201076/,19.9,35.9,"19,9–35,9%",,,100000,15000000,100 000–15 000 000 ₽,365,3650,1y,10y,4,,,,,,,,
19409,500703,credit,«Выгодный»,«Выгодный»,https://www.banki.ru/products/credits/credit/5007/,https://cdn.banki.ru/cdn/bank/76620_mobile_logo_url.png,17.11.2025 11:07,76620,766201,bank,Совкомбанк,https://cdn.banki.ru/cdn/bank/76620_mobile_logo_url.png,963,www.sovcombank.ru,8 800 100-00-06,"156000, г. Кострома, просп. Текстильщиков, д. 46
",sovcombank,RUB,https://www.banki.ru/products/credits/credit/5007/,19.9,19.9,"19,9%",,,200000,30000000,200 000–30 000 000 ₽,1095,5475,3y,15y,4,,,,,,,,
19367,394403,credit,Под залог недвижимости,Под залог недвижимости,https://www.banki.ru/products/credits/credit/3944/,https://cdn.banki.ru/cdn/bank/76620_mobile_logo_url.png,17.11.2025 11:06,76620,766201,bank,Совкомбанк,https://cdn.banki.ru/cdn/bank/76620_mobile_logo_url.png,963,www.sovcombank.ru,8 800 100-00-06,"156000, г. Кострома, просп. Текстильщиков, д. 46
",sovcombank,RUB,https://www.banki.ru/products/credits/credit/3944/,31.9,33.9,"31,9–33,9%",,,200000,30000000,200 000–30 000 000 ₽,1095,5475,3y,15y,4,,,,,,,,
16893,362003,credit,Наличными,Наличными,https://www.banki.ru/products/credits/credit/3620/,https://cdn.banki.ru/cdn/bank/17266_mobile_logo_url.png,17.11.2025 12:17,17266,172661,bank,Ренессанс Банк,https://cdn.banki.ru/cdn/bank/17266_mobile_logo_url.png,3354,www.rencredit.ru,8 (495) 981-09-81,"115114, г. Москва, ул. Кожевническая, д. 14
",rencredit,RUB,https://www.banki.ru/products/credits/credit/3620/,1.2,49.1,"1,2–49,1%",,,30000,2000000,30 000–2 000 000 ₽,730,2555,2y,7y,4,,,,,,,,
16848,327203,credit,Наличными,Наличными,https://www.banki.ru/products/credits/credit/3272/,https://cdn.banki.ru/cdn/bank/325_mobile_logo_url.png,17.11.2025 12:06,325,3251,bank,Альфа-Банк,https://cdn.banki.ru/cdn/bank/325_mobile_logo_url.png,1326,www.alfabank.ru,8 800 200-00-00,"107078, г. Москва, ул. Каланчевская, д. 27
",alfabank,RUB,https://www.banki.ru/products/credits/credit/3272/,18.99,51.99,"18,99–51,99%",,,30000,7500000,30 000–7 500 000 ₽,365,1825,5y,5y,4,,,,,,,,
19334,284103,credit,На любые цели под залог недвижимости ,На любые цели под залог недвижимости ,https://www.banki.ru/products/credits/credit/2841/,https://cdn.banki.ru/cdn/bank/325_mobile_logo_url.png,17.11.2025 12:36,325,3251,bank,Альфа-Банк,https://cdn.banki.ru/cdn/bank/325_mobile_logo_url.png,1326,www.alfabank.ru,8 800 200-00-00,"107078, г. Москва, ул. Каланчевская, д. 27
",alfabank,RUB,https://www.banki.ru/products/credits/credit/2841/,17.8,30.4,"17,8–30,4%",,,500000,30000000,500 000–30 000 000 ₽,365,5475,1y,15y,4,,,,,,,,
19855,20115603,credit,Под залог недвижимости для новых клиентов,Под залог недвижимости для новых клиентов,https://www.banki.ru/products/credits/credit/201156/,https://cdn.banki.ru/cdn/bank/325_mobile_logo_url.png,17.11.2025 12:36,325,3251,bank,Альфа-Банк,https://cdn.banki.ru/cdn/bank/325_mobile_logo_url.png,1326,www.alfabank.ru,8 800 200-00-00,"107078, г. Москва, ул. Каланчевская, д. 27
",alfabank,RUB,https://www.banki.ru/products/credits/credit/201156/,17.8,30.4,"17,8–30,4%",,,500000,30000000,500 000–30 000 000 ₽,365,5475,1y,15y,4,,,,,,,,
17037,459703,credit,Под залог (авто),Под залог (авто),https://www.banki.ru/products/credits/credit/4597/,https://cdn.banki.ru/cdn/bank/195706_mobile_logo_url.png,17.11.2025 11:18,195706,1957061,bank,Т-Банк,https://cdn.banki.ru/cdn/bank/195706_mobile_logo_url.png,2673,www.tbank.ru,8 800 555-10-10,"127287, г. Москва, ул. 2-я Хуторская, д.38А, стр.26
",tcs,RUB,https://www.banki.ru/products/credits/credit/4597/,24.9,38.9,"24,9–38,9%",,,100000,7000000,100 000–7 000 000 ₽,365,2555,1y,7y,4,,,,,,,,
17349,20075003,credit,На высшее образование,На высшее образование,https://www.banki.ru/products/credits/credit/200750/,https://cdn.banki.ru/cdn/bank/195706_mobile_logo_url.png,17.11.2025 11:19,195706,1957061,bank,Т-Банк,https://cdn.banki.ru/cdn/bank/195706_mobile_logo_url.png,2673,www.tbank.ru,8 800 555-10-10,"127287, г. Москва, ул. 2-я Хуторская, д.38А, стр.26
",tcs,RUB,https://www.banki.ru/products/credits/credit/200750/,3.0,3.0,3%,,,5000,6000000,5 000–6 000 000 ₽,365,9125,1y,25y,4,,,,,,,,
17588,20098903,credit,Наличными,Наличными,https://www.banki.ru/products/credits/credit/200989/,https://cdn.banki.ru/cdn/bank/195706_mobile_logo_url.png,17.11.2025 11:17,195706,1957061,bank,Т-Банк,https://cdn.banki.ru/cdn/bank/195706_mobile_logo_url.png,2673,www.tbank.ru,8 800 555-10-10,"127287, г. Москва, ул. 2-я Хуторская, д.38А, стр.26
",tcs,RUB,https://www.banki.ru/products/credits/credit/200989/,24.9,42.9,"24,9–42,9%",,,50000,5000000,50 000–5 000 000 ₽,365,1825,1y,5y,4,,,,,,,,
19349,342703,credit,Под залог (недвижимости),Под залог (недвижимости),https://www.banki.ru/products/credits/credit/3427/,https://cdn.banki.ru/cdn/bank/195706_mobile_logo_url.png,17.11.2025 11:15,195706,1957061,bank,Т-Банк,https://cdn.banki.ru/cdn/bank/195706_mobile_logo_url.png,2673,www.tbank.ru,8 800 555-10-10,"127287, г. Москва, ул. 2-я Хуторская, д.38А, стр.26
",tcs,RUB,https://www.banki.ru/products/credits/credit/3427/,22.9,33.9,"22,9–33,9%",,,200000,30000000,200 000–30 000 000 ₽,365,5475,1y,15y,4,,,,,,,,
16742,20503,credit,Со сниженным платежом,Со сниженным платежом,https://www.banki.ru/products/credits/credit/205/,https://cdn.banki.ru/cdn/bank/4725_mobile_logo_url.png,17.11.2025 12:16,4725,47251,bank,Россельхозбанк,https://cdn.banki.ru/cdn/bank/4725_mobile_logo_url.png,3349,www.rshb.ru,8 800 100-01-00,"119034, г. Москва, Гагаринский пер., д. 3
",rshb,RUB,https://www.banki.ru/products/credits/credit/205/,23.0,41.4,"23–41,4%",,,30000,5000000,30 000–5 000 000 ₽,183,1825,6m,5y,4,,,,,,,,
17089,481803,credit,На благоустройство для жителей села,На благоустройство для жителей села,https://www.banki.ru/products/credits/credit/4818/,https://cdn.banki.ru/cdn/bank/4725_mobile_logo_url.png,12.11.2025 18:13,4725,47251,bank,Россельхозбанк,https://cdn.banki.ru/cdn/bank/4725_mobile_logo_url.png,3349,www.rshb.ru,8 800 100-01-00,"119034, г. Москва, Гагаринский пер., д. 3
",rshb,RUB,https://www.banki.ru/products/credits/credit/4818/,3.25,33.0,"3,25–33%",,,30000,700000,30 000–700 000 ₽,396,1825,1m1y,5y,4,,,,,,,,
17066,471103,credit,Газомоторное топливо,Газомоторное топливо,https://www.banki.ru/products/credits/credit/4711/,https://cdn.banki.ru/cdn/bank/4725_mobile_logo_url.png,12.11.2025 18:10,4725,47251,bank,Россельхозбанк,https://cdn.banki.ru/cdn/bank/4725_mobile_logo_url.png,3349,www.rshb.ru,8 800 100-01-00,"119034, г. Москва, Гагаринский пер., д. 3
",rshb,RUB,https://www.banki.ru/products/credits/credit/4711/,27.9,33.4,"27,9–33,4%",,,30000,300000,30 000–300 000 ₽,397,1095,13m,3y,4,,,,,,,,
16733,1303,credit,Наличными,Наличными,https://www.banki.ru/products/credits/credit/13/,https://cdn.banki.ru/cdn/bank/863_mobile_logo_url.png,17.11.2025 12:20,863,8631,bank,Банк ЗЕНИТ,https://cdn.banki.ru/cdn/bank/863_mobile_logo_url.png,3255,www.zenit.ru,8 800 500-66-77,"117638, г. Москва, Одесская ул., д. 2
",zenit,RUB,https://www.banki.ru/products/credits/credit/13/,16.5,39.9,"16,5–39,9%",,,100000,5000000,100 000–5 000 000 ₽,1095,1825,3y,5y,4,,,,,,,,
16972,422103,credit,Экспресс,Экспресс,https://www.banki.ru/products/credits/credit/4221/,https://cdn.banki.ru/cdn/bank/863_mobile_logo_url.png,12.11.2025 15:31,863,8631,bank,Банк ЗЕНИТ,https://cdn.banki.ru/cdn/bank/863_mobile_logo_url.png,3255,www.zenit.ru,8 800 500-66-77,"117638, г. Москва, Одесская ул., д. 2
",zenit,RUB,https://www.banki.ru/products/credits/credit/4221/,16.5,45.9,"16,5–45,9%",,,50000,300000,50 000–300 000 ₽,397,1825,13m,5y,4,,,,,,,,
17162,505503,credit,Под залог авто,Под залог авто,https://www.banki.ru/products/credits/credit/5055/,https://cdn.banki.ru/cdn/bank/863_mobile_logo_url.png,12.11.2025 15:30,863,8631,bank,Банк ЗЕНИТ,https://cdn.banki.ru/cdn/bank/863_mobile_logo_url.png,3255,www.zenit.ru,8 800 500-66-77,"117638, г. Москва, Одесская ул., д. 2
",zenit,RUB,https://www.banki.ru/products/credits/credit/5055/,22.5,35.9,"22,5–35,9%",,,300000,5000000,300 000–5 000 000 ₽,730,2555,2y,7y,4,,,,,,,,
16872,347403,credit,Наличными,Наличными,https://www.banki.ru/products/credits/credit/3474/,https://cdn.banki.ru/cdn/bank/9011_mobile_logo_url.png,17.11.2025 11:42,9011,90111,bank,Металлинвестбанк,https://cdn.banki.ru/cdn/bank/9011_mobile_logo_url.png,2440,www.metallinvestbank.ru,8 800 250-97-97,"119180, г. Москва, ул. Большая Полянка, д. 47, стр. 2
",metallinvestbank,RUB,https://www.banki.ru/products/credits/credit/3474/,20.6,42.0,"20,6–42%",,,30000,3000000,30 000–3 000 000 ₽,183,1825,6m,5y,4,,,,,,,,
17330,20073103,credit,Под залог автомобиля,Под залог автомобиля,https://www.banki.ru/products/credits/credit/200731/,https://cdn.banki.ru/cdn/bank/9011_mobile_logo_url.png,17.11.2025 11:42,9011,90111,bank,Металлинвестбанк,https://cdn.banki.ru/cdn/bank/9011_mobile_logo_url.png,2440,www.metallinvestbank.ru,8 800 250-97-97,"119180, г. Москва, ул. Большая Полянка, д. 47, стр. 2
",metallinvestbank,RUB,https://www.banki.ru/products/credits/credit/200731/,19.0,34.5,"19–34,5%",,,300000,3000000,300 000–3 000 000 ₽,397,1825,13m,5y,4,,,,,,,,
19754,20115003,credit,Под залог недвижимости,Под залог недвижимости,https://www.banki.ru/products/credits/credit/201150/,https://cdn.banki.ru/cdn/bank/9011_mobile_logo_url.png,13.11.2025 14:06,9011,90111,bank,Металлинвестбанк,https://cdn.banki.ru/cdn/bank/9011_mobile_logo_url.png,2440,www.metallinvestbank.ru,8 800 250-97-97,"119180, г. Москва, ул. Большая Полянка, д. 47, стр. 2
",metallinvestbank,RUB,https://www.banki.ru/products/credits/credit/201150/,24.6,25.6,"24,6–25,6%",,,500000,15000000,500 000–15 000 000 ₽,365,10950,1y,30y,4,,,,,,,,
16873,347603,credit,Пенсионный,Пенсионный,https://www.banki.ru/products/credits/credit/3476/,https://cdn.banki.ru/cdn/bank/9011_mobile_logo_url.png,10.11.2025 12:25,9011,90111,bank,Металлинвестбанк,https://cdn.banki.ru/cdn/bank/9011_mobile_logo_url.png,2440,www.metallinvestbank.ru,8 800 250-97-97,"119180, г. Москва, ул. Большая Полянка, д. 47, стр. 2
",metallinvestbank,RUB,https://www.banki.ru/products/credits/credit/3476/,24.6,42.0,"24,6–42%",,,30000,3000000,30 000–3 000 000 ₽,183,1825,6m,5y,4,,,,,,,,
16978,424703,credit,Наличными,Наличными,https://www.banki.ru/products/credits/credit/4247/,https://cdn.banki.ru/cdn/bank/351_mobile_logo_url.png,17.11.2025 12:08,351,3511,bank,Русский Стандарт,https://cdn.banki.ru/cdn/bank/351_mobile_logo_url.png,2289,www.rsb.ru,+7 (495) 748-07-48,"105187, г. Москва, ул. Ткацкая, д. 36
",rsb,RUB,https://www.banki.ru/products/credits/credit/4247/,24.9,65.0,"24,9–65%",,,30000,3000000,30 000–3 000 000 ₽,31,1825,1m,5y,4,,,,,,,,
19810,21114903,credit,Классика,Классика,https://www.banki.ru/products/credits/credit/211149/,https://cdn.banki.ru/cdn/bank/351_mobile_logo_url.png,17.11.2025 12:55,351,3511,bank,Русский Стандарт,https://cdn.banki.ru/cdn/bank/351_mobile_logo_url.png,2289,www.rsb.ru,+7 (495) 748-07-48,"105187, г. Москва, ул. Ткацкая, д. 36
",rsb,RUB,https://www.banki.ru/products/credits/credit/211149/,16.9,51.0,"16,9–51%",,,30000,3000000,30 000–3 000 000 ₽,30,1825,1m,5y,4,,,,,,,,
19506,20111403,credit,Под залог недвижимости,Под залог недвижимости,https://www.banki.ru/products/credits/credit/201114/,https://cdn.banki.ru/cdn/bank/351_mobile_logo_url.png,12.11.2025 16:07,351,3511,bank,Русский Стандарт,https://cdn.banki.ru/cdn/bank/351_mobile_logo_url.png,2289,www.rsb.ru,+7 (495) 748-07-48,"105187, г. Москва, ул. Ткацкая, д. 36
",rsb,RUB,https://www.banki.ru/products/credits/credit/201114/,24.9,33.0,"24,9–33%",,,500000,10000000,500 000–10 000 000 ₽,183,3650,6m,10y,4,,,,,,,,
18157,20111303,credit,Под залог авто,Под залог авто,https://www.banki.ru/products/credits/credit/201113/,https://cdn.banki.ru/cdn/bank/351_mobile_logo_url.png,10.11.2025 18:56,351,3511,bank,Русский Стандарт,https://cdn.banki.ru/cdn/bank/351_mobile_logo_url.png,2289,www.rsb.ru,+7 (495) 748-07-48,"105187, г. Москва, ул. Ткацкая, д. 36
",rsb,RUB,https://www.banki.ru/products/credits/credit/201113/,24.9,35.0,"24,9–35%",,,30000,3000000,30 000–3 000 000 ₽,31,3650,1m,10y,4,,,,,,,,
16740,14403,credit,Стандартный ,Стандартный ,https://www.banki.ru/products/credits/credit/144/,https://cdn.banki.ru/cdn/bank/63520_mobile_logo_url.png,17.11.2025 11:59,63520,635201,bank,Уралсиб,https://cdn.banki.ru/cdn/bank/63520_mobile_logo_url.png,30,www.uralsib.ru,8 800 250-57-57,"119048, г. Москва, ул. Ефремова, д. 8
",uralsib,RUB,https://www.banki.ru/products/credits/credit/144/,7.0,51.0,7–51%,,,30000,1500000,30 000–1 500 000 ₽,397,2555,13m,7y,4,,,,,,,,
18775,20113003,credit,Под залог автомобиля,Под залог автомобиля,https://www.banki.ru/products/credits/credit/201130/,https://cdn.banki.ru/cdn/bank/63520_mobile_logo_url.png,13.11.2025 15:19,63520,635201,bank,Уралсиб,https://cdn.banki.ru/cdn/bank/63520_mobile_logo_url.png,30,www.uralsib.ru,8 800 250-57-57,"119048, г. Москва, ул. Ефремова, д. 8
",uralsib,RUB,https://www.banki.ru/products/credits/credit/201130/,4.9,32.9,"4,9–32,9%",,,100000,1500000,100 000–1 500 000 ₽,397,2555,13m,7y,4,,,,,,,,
19380,438703,credit,Под залог недвижимости,Под залог недвижимости,https://www.banki.ru/products/credits/credit/4387/,https://cdn.banki.ru/cdn/bank/63520_mobile_logo_url.png,13.11.2025 15:23,63520,635201,bank,Уралсиб,https://cdn.banki.ru/cdn/bank/63520_mobile_logo_url.png,30,www.uralsib.ru,8 800 250-57-57,"119048, г. Москва, ул. Ефремова, д. 8
",uralsib,RUB,https://www.banki.ru/products/credits/credit/4387/,21.0,23.0,21–23%,,,900000,20000000,900 000–20 000 000 ₽,365,5475,1y,15y,4,,,,,,,,
18176,20112303,credit,"Заполните анкету, и мы подберем для вас лучшие предложения!","Заполните анкету, и мы подберем для вас лучшие предложения!",https://www.banki.ru/products/credits/credit/201123/,https://cdn.banki.ru/cdn/bank/11645236_mobile_logo_url.png,17.11.2025 12:18,11645236,116452361,bank,Банки.ру,https://cdn.banki.ru/cdn/bank/11645236_mobile_logo_url.png,-,www.banki.ru,+7 (495) 665-52-55,"117638, Москва, ул. Одесская, д. 2
",mortgage-consultant,RUB,https://www.banki.ru/products/credits/credit/201123/,14.9,65.0,"14,9–65%",,,1000,5000000,1 000–5 000 000 ₽,31,1825,1m,5y,4,,,,,,,,
18178,20112503,credit,Наличными (без визита в банк),Наличными (без визита в банк),https://www.banki.ru/products/credits/credit/201125/,https://cdn.banki.ru/cdn/bank/9183_mobile_logo_url.png,17.11.2025 12:19,9183,91831,bank,Локо-Банк,https://cdn.banki.ru/cdn/bank/9183_mobile_logo_url.png,2707,www.lockobank.ru,8 800 250-50-50,"125167, г. Москва, Ленинградский просп., д. 39, стр. 80
",locko-bank,RUB,https://www.banki.ru/products/credits/credit/201125/,25.9,49.9,"25,9–49,9%",,,50000,5000000,50 000–5 000 000 ₽,365,1825,1y,5y,4,,,,,,,,
19407,498403,credit,Под залог недвижимости,Под залог недвижимости,https://www.banki.ru/products/credits/credit/4984/,https://cdn.banki.ru/cdn/bank/9183_mobile_logo_url.png,12.11.2025 16:54,9183,91831,bank,Локо-Банк,https://cdn.banki.ru/cdn/bank/9183_mobile_logo_url.png,2707,www.lockobank.ru,8 800 250-50-50,"125167, г. Москва, Ленинградский просп., д. 39, стр. 80
",locko-bank,RUB,https://www.banki.ru/products/credits/credit/4984/,22.4,26.4,"22,4–26,4%",,,1000000,30000000,1 000 000–30 000 000 ₽,365,7300,1y,20y,4,,,,,,,,
16877,348703,credit,На любые цели под залог авто,На любые цели под залог авто,https://www.banki.ru/products/credits/credit/3487/,https://cdn.banki.ru/cdn/bank/9183_mobile_logo_url.png,05.11.2025 17:58,9183,91831,bank,Локо-Банк,https://cdn.banki.ru/cdn/bank/9183_mobile_logo_url.png,2707,www.lockobank.ru,8 800 250-50-50,"125167, г. Москва, Ленинградский просп., д. 39, стр. 80
",locko-bank,RUB,https://www.banki.ru/products/credits/credit/3487/,25.9,33.9,"25,9–33,9%",,,500001,10000000,500 001–10 000 000 ₽,1095,2555,3y,7y,4,,,,,,,,
19384,445103,credit,Залоговый+,Залоговый+,https://www.banki.ru/products/credits/credit/4451/,https://cdn.banki.ru/cdn/bank/193292_mobile_logo_url.png,17.11.2025 13:07,193292,1932921,bank,Норвик Банк,https://cdn.banki.ru/cdn/bank/193292_mobile_logo_url.png,902,norvikbank.ru,8 800 100-17-77,"115054, г. Москва, ул. Зацепский Вал, д. 5
",norvik-bank,RUB,https://www.banki.ru/products/credits/credit/4451/,16.5,40.0,"16,5–40%",,,500000,20000000,500 000–20 000 000 ₽,31,7300,1m,20y,4,,,,,,,,
19449,524303,credit,Под залог квартиры,Под залог квартиры,https://www.banki.ru/products/credits/credit/5243/,https://cdn.banki.ru/cdn/bank/11948217_mobile_logo_url.png,17.11.2025 12:42,11948217,119482171,bank,Credit.Club,https://cdn.banki.ru/cdn/bank/11948217_mobile_logo_url.png,—,credit.club,8 800-775-80-09,"г. Екатеринбург, ул. Малышева, 51
",creditclub,RUB,https://www.banki.ru/products/credits/credit/5243/,16.9,26.9,"16,9–26,9%",,,300000,15000000,300 000–15 000 000 ₽,365,7300,1y,20y,4,,,,,,,,
19357,377603,credit,На любые цели под залог недвижимости,На любые цели под залог недвижимости,https://www.banki.ru/products/credits/credit/3776/,https://cdn.banki.ru/cdn/bank/2764_mobile_logo_url.png,17.11.2025 12:58,2764,27641,bank,Газпромбанк,https://cdn.banki.ru/cdn/bank/2764_mobile_logo_url.png,354,www.gazprombank.ru,8 800 300-60-90,"117420, г. Москва, ул. Наметкина, д. 16, корп. 1.
",gazprombank,RUB,https://www.banki.ru/products/credits/credit/3776/,8.4,28.6,"8,4–28,6%",,,500000,30000000,500 000–30 000 000 ₽,1460,7300,4y,20y,4,,,,,,,,
17030,457803,credit,Наличными,Наличными,https://www.banki.ru/products/credits/credit/4578/,https://cdn.banki.ru/cdn/bank/2764_mobile_logo_url.png,11.11.2025 13:18,2764,27641,bank,Газпромбанк,https://cdn.banki.ru/cdn/bank/2764_mobile_logo_url.png,354,www.gazprombank.ru,8 800 300-60-90,"117420, г. Москва, ул. Наметкина, д. 16, корп. 1.
",gazprombank,RUB,https://www.banki.ru/products/credits/credit/4578/,24.9,46.4,"24,9–46,4%",,,50000,7000000,50 000–7 000 000 ₽,397,1825,13m,5y,4,,,,,,,,
17132,499403,credit,Универсальный,Универсальный,https://www.banki.ru/products/credits/credit/4994/,https://cdn.banki.ru/cdn/bank/2764_mobile_logo_url.png,11.11.2025 13:17,2764,27641,bank,Газпромбанк,https://cdn.banki.ru/cdn/bank/2764_mobile_logo_url.png,354,www.gazprombank.ru,8 800 300-60-90,"117420, г. Москва, ул. Наметкина, д. 16, корп. 1.
",gazprombank,RUB,https://www.banki.ru/products/credits/credit/4994/,27.9,29.9,"27,9–29,9%",,,500000,7000000,500 000–7 000 000 ₽,397,1825,13m,5y,4,,,,,,,,
19311,403,credit,На любые цели под залог недвижимости,На любые цели под залог недвижимости,https://www.banki.ru/products/credits/credit/4/,https://cdn.banki.ru/cdn/bank/322_mobile_logo_url.png,17.11.2025 13:04,322,3221,bank,Сбербанк,https://cdn.banki.ru/cdn/bank/322_mobile_logo_url.png,1481,www.sberbank.ru,8 800 555-55-50,"117997, г. Москва, ул. Вавилова, д. 19
",sberbank,RUB,https://www.banki.ru/products/credits/credit/4/,17.7,18.7,"17,7–18,7%",,,300000,20000000,300 000–20 000 000 ₽,365,10950,1y,30y,4,,,,,,,,
16741,17903,credit,Образовательный,Образовательный,https://www.banki.ru/products/credits/credit/179/,https://cdn.banki.ru/cdn/bank/322_mobile_logo_url.png,07.11.2025 12:22,322,3221,bank,Сбербанк,https://cdn.banki.ru/cdn/bank/322_mobile_logo_url.png,1481,www.sberbank.ru,8 800 555-55-50,"117997, г. Москва, ул. Вавилова, д. 19
",sberbank,RUB,https://www.banki.ru/products/credits/credit/179/,3.0,3.0,3%,,,10000,10000000,10 000–10 000 000 ₽,5475,5475,15y,15y,4,,,,,,,,
16731,103,credit,На любые цели,На любые цели,https://www.banki.ru/products/credits/credit/1/,https://cdn.banki.ru/cdn/bank/322_mobile_logo_url.png,12.11.2025 12:44,322,3221,bank,Сбербанк,https://cdn.banki.ru/cdn/bank/322_mobile_logo_url.png,1481,www.sberbank.ru,8 800 555-55-50,"117997, г. Москва, ул. Вавилова, д. 19
",sberbank,RUB,https://www.banki.ru/products/credits/credit/1/,21.9,44.5,"21,9–44,5%",,,10000,30000000,10 000–30 000 000 ₽,31,1825,1m,5y,4,,,,,,,,
16909,376103,credit,На всё про всё,На всё про всё,https://www.banki.ru/products/credits/credit/3761/,https://cdn.banki.ru/cdn/bank/193300_mobile_logo_url.png,05.11.2025 16:30,193300,1933001,bank,Газэнергобанк,https://cdn.banki.ru/cdn/bank/193300_mobile_logo_url.png,3252,www.gebank.ru,8 800 700-3000,"248030, г. Калуга, ул. Плеханова, д. 4
",gazenergobank,RUB,https://www.banki.ru/products/credits/credit/3761/,2.0,25.4,"2–25,4%",,,15000,1300000,15 000–1 300 000 ₽,31,1825,1m,5y,4,,,,,,,,
19830,21115103,credit,Образовательный,Образовательный,https://www.banki.ru/products/credits/credit/211151/,https://cdn.banki.ru/cdn/bank/68683_mobile_logo_url.png,12.11.2025 17:53,68683,686831,bank,Банк «РОССИЯ»,https://cdn.banki.ru/cdn/bank/68683_mobile_logo_url.png,328,www.abr.ru,8 800 100-11-11 ,"191124, г. Санкт-Петербург, пл. Растрелли, д. 2, стр.1
",rossiya,RUB,https://www.banki.ru/products/credits/credit/211151/,3.0,3.0,3%,,,1000,100000000,1 000–100 000 000 ₽,5475,9125,15y,25y,4,,,,,,,,
17631,20103403,credit,Деньги — возможности (под залог авто),Деньги — возможности (под залог авто),https://www.banki.ru/products/credits/credit/201034/,https://cdn.banki.ru/cdn/bank/68683_mobile_logo_url.png,12.11.2025 17:56,68683,686831,bank,Банк «РОССИЯ»,https://cdn.banki.ru/cdn/bank/68683_mobile_logo_url.png,328,www.abr.ru,8 800 100-11-11 ,"191124, г. Санкт-Петербург, пл. Растрелли, д. 2, стр.1
",rossiya,RUB,https://www.banki.ru/products/credits/credit/201034/,21.0,31.0,21–31%,,,100000,5000000,100 000–5 000 000 ₽,549,2555,18m,7y,4,,,,,,,,
16976,422903,credit,Деньги — возможности ,Деньги — возможности ,https://www.banki.ru/products/credits/credit/4229/,https://cdn.banki.ru/cdn/bank/68683_mobile_logo_url.png,12.11.2025 17:56,68683,686831,bank,Банк «РОССИЯ»,https://cdn.banki.ru/cdn/bank/68683_mobile_logo_url.png,328,www.abr.ru,8 800 100-11-11 ,"191124, г. Санкт-Петербург, пл. Растрелли, д. 2, стр.1
",rossiya,RUB,https://www.banki.ru/products/credits/credit/4229/,23.0,33.0,23–33%,,,100000,5000000,100 000–5 000 000 ₽,549,1825,18m,5y,4,,,,,,,,
17227,515503,credit,Газификация домовладений,Газификация домовладений,https://www.banki.ru/products/credits/credit/5155/,,12.11.2025 17:07,12453,124531,bank,ГЕНБАНК,,2490,www.genbank.ru,8 800 333-55-45,"295011, Республика Крым, г. Симферополь, ул. Севастопольская, д. 13
",genbank,RUB,https://www.banki.ru/products/credits/credit/5155/,3.0,3.0,3%,,,30000,200000,30 000–200 000 ₽,183,1825,6m,5y,4,,,,,,,,
16964,416103,credit,Доступный,Доступный,https://www.banki.ru/products/credits/credit/4161/,,12.11.2025 17:03,12453,124531,bank,ГЕНБАНК,,2490,www.genbank.ru,8 800 333-55-45,"295011, Республика Крым, г. Симферополь, ул. Севастопольская, д. 13
",genbank,RUB,https://www.banki.ru/products/credits/credit/4161/,21.0,31.0,21–31%,,,30000,4000000,30 000–4 000 000 ₽,183,1825,6m,5y,4,,,,,,,,
19465,20096603,credit,Обеспеченный (под залог недвижимости),Обеспеченный (под залог недвижимости),https://www.banki.ru/products/credits/credit/200966/,,12.11.2025 17:11,12453,124531,bank,ГЕНБАНК,,2490,www.genbank.ru,8 800 333-55-45,"295011, Республика Крым, г. Симферополь, ул. Севастопольская, д. 13
",genbank,RUB,https://www.banki.ru/products/credits/credit/200966/,25.0,27.0,25–27%,,,400000,12000000,400 000–12 000 000 ₽,1095,5475,3y,15y,4,,,,,,,,
17035,459203,credit,Обеспеченный (под залог транспорта),Обеспеченный (под залог транспорта),https://www.banki.ru/products/credits/credit/4592/,,12.11.2025 17:10,12453,124531,bank,ГЕНБАНК,,2490,www.genbank.ru,8 800 333-55-45,"295011, Республика Крым, г. Симферополь, ул. Севастопольская, д. 13
",genbank,RUB,https://www.banki.ru/products/credits/credit/4592/,26.0,27.0,26–27%,,,300000,6000000,300 000–6 000 000 ₽,1095,1825,3y,5y,4,,,,,,,,
17036,459503,credit,На любые цели,На любые цели,https://www.banki.ru/products/credits/credit/4595/,https://cdn.banki.ru/cdn/bank/5348_mobile_logo_url.png,11.11.2025 13:46,5348,53481,bank,Инго Банк,https://cdn.banki.ru/cdn/bank/5348_mobile_logo_url.png,2307,www.ingobank.ru,8 800 100-33-22,"127030, г. Москва, ул. Сущевская, д. 27, стр. 1
",ingobank,RUB,https://www.banki.ru/products/credits/credit/4595/,8.5,41.5,"8,5–41,5%",,,50000,3000000,50 000–3 000 000 ₽,365,2555,1y,7y,4,,,,,,,,
19813,20115303,credit,Под залог недвижимости,Под залог недвижимости,https://www.banki.ru/products/credits/credit/201153/,https://cdn.banki.ru/cdn/bank/5348_mobile_logo_url.png,11.11.2025 13:53,5348,53481,bank,Инго Банк,https://cdn.banki.ru/cdn/bank/5348_mobile_logo_url.png,2307,www.ingobank.ru,8 800 100-33-22,"127030, г. Москва, ул. Сущевская, д. 27, стр. 1
",ingobank,RUB,https://www.banki.ru/products/credits/credit/201153/,24.8,26.3,"24,8–26,3%",,,500000,7000000,500 000–7 000 000 ₽,365,5475,1y,15y,4,,,,,,,,
17632,20103503,credit,Под залог авто,Под залог авто,https://www.banki.ru/products/credits/credit/201035/,https://cdn.banki.ru/cdn/bank/95970_mobile_logo_url.png,12.11.2025 18:03,95970,959701,bank,Уральский банк реконструкции и развития (УБРиР),https://cdn.banki.ru/cdn/bank/95970_mobile_logo_url.png,429,www.ubrr.ru,8 800 100-02-00,"620063, г. Екатеринбург, ул. 8 Марта, д. 51
",ubrr,RUB,https://www.banki.ru/products/credits/credit/201035/,16.4,37.0,"16,4–37%",,,200000,5000000,200 000–5 000 000 ₽,1460,3650,10y,10y,4,,,,,,,,
16756,60903,credit,На любые цели,На любые цели,https://www.banki.ru/products/credits/credit/609/,https://cdn.banki.ru/cdn/bank/95970_mobile_logo_url.png,12.11.2025 18:01,95970,959701,bank,Уральский банк реконструкции и развития (УБРиР),https://cdn.banki.ru/cdn/bank/95970_mobile_logo_url.png,429,www.ubrr.ru,8 800 100-02-00,"620063, г. Екатеринбург, ул. 8 Марта, д. 51
",ubrr,RUB,https://www.banki.ru/products/credits/credit/609/,17.9,37.0,"17,9–37%",,,100000,5000000,100 000–5 000 000 ₽,1095,1825,5y,5y,4,,,,,,,,
16993,438803,credit,Без справок,Без справок,https://www.banki.ru/products/credits/credit/4388/,https://cdn.banki.ru/cdn/bank/95970_mobile_logo_url.png,12.11.2025 18:01,95970,959701,bank,Уральский банк реконструкции и развития (УБРиР),https://cdn.banki.ru/cdn/bank/95970_mobile_logo_url.png,429,www.ubrr.ru,8 800 100-02-00,"620063, г. Екатеринбург, ул. 8 Марта, д. 51
",ubrr,RUB,https://www.banki.ru/products/credits/credit/4388/,19.4,37.0,"19,4–37%",,,100000,700000,100 000–700 000 ₽,1095,1825,5y,5y,4,,,,,,,,
19370,401203,credit,Под залог недвижимости,Под залог недвижимости,https://www.banki.ru/products/credits/credit/4012/,https://cdn.banki.ru/cdn/bank/95970_mobile_logo_url.png,12.11.2025 18:05,95970,959701,bank,Уральский банк реконструкции и развития (УБРиР),https://cdn.banki.ru/cdn/bank/95970_mobile_logo_url.png,429,www.ubrr.ru,8 800 100-02-00,"620063, г. Екатеринбург, ул. 8 Марта, д. 51
",ubrr,RUB,https://www.banki.ru/products/credits/credit/4012/,25.0,26.5,"25–26,5%",,,300000,15000000,300 000–15 000 000 ₽,1825,5475,5y,15y,4,,,,,,,,
17629,20103203,credit,Под залог автомобиля,Под залог автомобиля,https://www.banki.ru/products/credits/credit/201032/,https://cdn.banki.ru/cdn/bank/6055_mobile_logo_url.png,14.11.2025 16:55,6055,60551,bank,МТС Банк,https://cdn.banki.ru/cdn/bank/6055_mobile_logo_url.png,2268,www.mtsbank.ru,8 800 250-05-20,"115432, г. Москва, просп. Андропова, д. 18, корп. 1
",mts-bank,RUB,https://www.banki.ru/products/credits/credit/201032/,17.9,33.9,"17,9–33,9%",,,100000,5000000,100 000–5 000 000 ₽,365,1825,1y,5y,4,,,,,,,,
17085,480103,credit,На любые цели,На любые цели,https://www.banki.ru/products/credits/credit/4801/,https://cdn.banki.ru/cdn/bank/6055_mobile_logo_url.png,14.11.2025 16:53,6055,60551,bank,МТС Банк,https://cdn.banki.ru/cdn/bank/6055_mobile_logo_url.png,2268,www.mtsbank.ru,8 800 250-05-20,"115432, г. Москва, просп. Андропова, д. 18, корп. 1
",mts-bank,RUB,https://www.banki.ru/products/credits/credit/4801/,18.9,39.9,"18,9–39,9%",,,20000,5000000,20 000–5 000 000 ₽,365,1825,1y,5y,4,,,,,,,,
19410,501403,credit,Под залог недвижимости,Под залог недвижимости,https://www.banki.ru/products/credits/credit/5014/,https://cdn.banki.ru/cdn/bank/6055_mobile_logo_url.png,14.11.2025 16:56,6055,60551,bank,МТС Банк,https://cdn.banki.ru/cdn/bank/6055_mobile_logo_url.png,2268,www.mtsbank.ru,8 800 250-05-20,"115432, г. Москва, просп. Андропова, д. 18, корп. 1
",mts-bank,RUB,https://www.banki.ru/products/credits/credit/5014/,20.5,26.9,"20,5–26,9%",,,500000,10000000,500 000–10 000 000 ₽,365,5475,1y,15y,4,,,,,,,,
16886,356203,credit,Наличными,Наличными,https://www.banki.ru/products/credits/credit/3562/,https://cdn.banki.ru/cdn/bank/2237_mobile_logo_url.png,05.11.2025 15:59,2237,22371,bank,Банк ДОМ.РФ,https://cdn.banki.ru/cdn/bank/2237_mobile_logo_url.png,2312,domrfbank.ru,8 800 775-86-86 ,"125009, г. Москва, ул. Воздвиженка, д. 10
",domrfbank,RUB,https://www.banki.ru/products/credits/credit/3562/,18.5,37.5,"18,5–37,5%",,,100000,10000000,100 000–10 000 000 ₽,730,2555,2y,7y,4,,,,,,,,
19722,20114903,credit,Под залог квартиры,Под залог квартиры,https://www.banki.ru/products/credits/credit/201149/,https://cdn.banki.ru/cdn/bank/2237_mobile_logo_url.png,05.11.2025 16:00,2237,22371,bank,Банк ДОМ.РФ,https://cdn.banki.ru/cdn/bank/2237_mobile_logo_url.png,2312,domrfbank.ru,8 800 775-86-86 ,"125009, г. Москва, ул. Воздвиженка, д. 10
",domrfbank,RUB,https://www.banki.ru/products/credits/credit/201149/,27.0,28.0,27–28%,,,500000,30000000,500 000–30 000 000 ₽,1095,10950,3y,30y,4,,,,,,,,
16760,80803,credit,Приватный,Приватный,https://www.banki.ru/products/credits/credit/808/,,14.11.2025 16:25,162995,1629951,bank,ЮГ-Инвестбанк,,2772,www.invb.ru,8 800 707-34-56,"350000, г. Краснодар, ул. Красная, д. 113
",yug-investbank,RUB,https://www.banki.ru/products/credits/credit/808/,19.9,26.9,"19,9–26,9%",,,10000,15000000,10 000–15 000 000 ₽,365,1825,5y,5y,4,,,,,,,,
16761,81403,credit,Автозалог,Автозалог,https://www.banki.ru/products/credits/credit/814/,,14.11.2025 16:27,162995,1629951,bank,ЮГ-Инвестбанк,,2772,www.invb.ru,8 800 707-34-56,"350000, г. Краснодар, ул. Красная, д. 113
",yug-investbank,RUB,https://www.banki.ru/products/credits/credit/814/,19.9,24.4,"19,9–24,4%",,,100000,10000000,100 000–10 000 000 ₽,365,2555,7y,7y,4,,,,,,,,
19316,81703,credit,Залог недвижимости,Залог недвижимости,https://www.banki.ru/products/credits/credit/817/,,14.11.2025 16:31,162995,1629951,bank,ЮГ-Инвестбанк,,2772,www.invb.ru,8 800 707-34-56,"350000, г. Краснодар, ул. Красная, д. 113
",yug-investbank,RUB,https://www.banki.ru/products/credits/credit/817/,19.9,23.9,"19,9–23,9%",,,500000,10000000,500 000–10 000 000 ₽,365,3650,10y,10y,4,,,,,,,,
17783,20109103,credit,На любые цели,На любые цели,https://www.banki.ru/products/credits/credit/201091/,https://cdn.banki.ru/cdn/bank/188824_mobile_logo_url.png,11.11.2025 13:43,188824,1888241,bank,Внешфинбанк,https://cdn.banki.ru/cdn/bank/188824_mobile_logo_url.png,3173,www.vfbank.ru,8 800 234-55-10,"350059, г. Краснодар, ул. Волжская, д. 47
",vneshfinbank,RUB,https://www.banki.ru/products/credits/credit/201091/,20.0,20.0,20%,,,30000,100000000,30 000–100 000 000 ₽,31,1095,1m,3y,4,,,,,,,,
19824,20115403,credit,Под залог недвижимости,Под залог недвижимости,https://www.banki.ru/products/credits/credit/201154/,https://cdn.banki.ru/cdn/bank/16995_mobile_logo_url.png,06.11.2025 17:08,16995,169951,bank,ВБРР,https://cdn.banki.ru/cdn/bank/16995_mobile_logo_url.png,3287,www.vbrr.ru,8 800 700-03-49 ,"129594, г. Москва, ул. Сущевский вал, д. 65, корп. 1
",vbrr,RUB,https://www.banki.ru/products/credits/credit/201154/,21.9,23.4,"21,9–23,4%",,,500000,60000000,500 000–60 000 000 ₽,1825,10950,5y,30y,4,,,,,,,,
19340,304103,credit,Под залог недвижимого имущества,Под залог недвижимого имущества,https://www.banki.ru/products/credits/credit/3041/,https://cdn.banki.ru/cdn/bank/12092_mobile_logo_url.png,06.11.2025 18:47,12092,120921,bank,ББР Банк,https://cdn.banki.ru/cdn/bank/12092_mobile_logo_url.png,2929,www.bbr.ru,8 800 220-40-00,"121099, Москва, 1-й Николощеповский пер., 6, стр. 1
",bbrbank,RUB,https://www.banki.ru/products/credits/credit/3041/,22.0,23.2,"22–23,2%",,,1000000,30000000,1 000 000–30 000 000 ₽,1095,3650,3y,10y,4,,,,,,,,
16911,377803,credit,Под залог движимого имущества,Под залог движимого имущества,https://www.banki.ru/products/credits/credit/3778/,https://cdn.banki.ru/cdn/bank/12092_mobile_logo_url.png,06.11.2025 19:39,12092,120921,bank,ББР Банк,https://cdn.banki.ru/cdn/bank/12092_mobile_logo_url.png,2929,www.bbr.ru,8 800 220-40-00,"121099, Москва, 1-й Николощеповский пер., 6, стр. 1
",bbrbank,RUB,https://www.banki.ru/products/credits/credit/3778/,23.0,23.9,"23–23,9%",,,450000,6000000,450 000–6 000 000 ₽,730,1825,2y,5y,4,,,,,,,,
19354,370703,credit,Под залог недвижимости,Под залог недвижимости,https://www.banki.ru/products/credits/credit/3707/,https://cdn.banki.ru/cdn/bank/9259_mobile_logo_url.png,13.11.2025 18:10,9259,92591,bank,Абсолют Банк,https://cdn.banki.ru/cdn/bank/9259_mobile_logo_url.png,2306,www.absolutbank.ru,8 800 200-20-05,"127051, г. Москва, Цветной б-р, д. 18
",absolutbank,RUB,https://www.banki.ru/products/credits/credit/3707/,22.5,23.5,"22,5–23,5%",,,500000,10000000,500 000–10 000 000 ₽,1095,5475,3y,15y,4,,,,,,,,
16919,385303,credit,Топ-менеджер,Топ-менеджер,https://www.banki.ru/products/credits/credit/3853/,,10.11.2025 18:53,195603,1956031,bank,Крона-Банк,,2499,www.krona-bank.ru,+7 (3952) 25-25-05,"664007, г. Иркутск, ул. Дзержинского, д. 29
",krona-bank,RUB,https://www.banki.ru/products/credits/credit/3853/,22.5,24.5,"22,5–24,5%",,,500000,5000000,500 000–5 000 000 ₽,92,1825,1m3y,5y,4,,,,,,,,
19305,20103703,credit,Залоговый,Залоговый,https://www.banki.ru/products/credits/credit/201037/,https://cdn.banki.ru/cdn/bank/188785_mobile_logo_url.png,14.11.2025 17:25,188785,1887851,bank,Газтрансбанк,https://cdn.banki.ru/cdn/bank/188785_mobile_logo_url.png,665,www.gaztransbank.ru,+7 (861) 279-03-05,"350015, Краснодарский край, г. Краснодар, ул. Северная, д. 321
",gaztransbank,RUB,https://www.banki.ru/products/credits/credit/201037/,22.5,28.5,"22,5–28,5%",,,500000,15000000,500 000–15 000 000 ₽,365,2555,3y,7y,4,,,,,,,,
17092,482803,credit,Легкий,Легкий,https://www.banki.ru/products/credits/credit/4828/,https://cdn.banki.ru/cdn/bank/188785_mobile_logo_url.png,14.11.2025 17:24,188785,1887851,bank,Газтрансбанк,https://cdn.banki.ru/cdn/bank/188785_mobile_logo_url.png,665,www.gaztransbank.ru,+7 (861) 279-03-05,"350015, Краснодарский край, г. Краснодар, ул. Северная, д. 321
",gaztransbank,RUB,https://www.banki.ru/products/credits/credit/4828/,24.5,31.5,"24,5–31,5%",,,50000,1000000,50 000–1 000 000 ₽,365,1825,3y,5y,4,,,,,,,,
18977,20113903,credit,Газификация,Газификация,https://www.banki.ru/products/credits/credit/201139/,https://cdn.banki.ru/cdn/bank/188785_mobile_logo_url.png,14.11.2025 17:29,188785,1887851,bank,Газтрансбанк,https://cdn.banki.ru/cdn/bank/188785_mobile_logo_url.png,665,www.gaztransbank.ru,+7 (861) 279-03-05,"350015, Краснодарский край, г. Краснодар, ул. Северная, д. 321
",gaztransbank,RUB,https://www.banki.ru/products/credits/credit/201139/,26.5,32.5,"26,5–32,5%",,,20000,300000,20 000–300 000 ₽,365,1825,3y,5y,4,,,,,,,,
17741,20108203,credit,Наличными,Наличными,https://www.banki.ru/products/credits/credit/201082/,https://cdn.banki.ru/cdn/bank/195684_mobile_logo_url.png,05.11.2025 15:55,195684,1956841,bank,Кубаньторгбанк,https://cdn.banki.ru/cdn/bank/195684_mobile_logo_url.png,478,bktb.ru,+7 (861) 212-60-80,"350075, г. Краснодар, ул. Стасова, д. 176
",kubantorgbank,RUB,https://www.banki.ru/products/credits/credit/201082/,24.0,32.0,24–32%,,,50000,1000000,50 000–1 000 000 ₽,31,1825,1m,5y,4,,,,,,,,
19474,20102103,credit,Фора-Залоговый (под залог недвижимости),Фора-Залоговый (под залог недвижимости),https://www.banki.ru/products/credits/credit/201021/,https://cdn.banki.ru/cdn/bank/80493_mobile_logo_url.png,01.11.2025 18:15,80493,804931,bank,Фора-Банк,https://cdn.banki.ru/cdn/bank/80493_mobile_logo_url.png,1885,www.forabank.ru,8 800 100-98-89,"119021, г. Москва, Зубовский б-р, д. 25
",forabank,RUB,https://www.banki.ru/products/credits/credit/201021/,26.2,27.5,"26,2–27,5%",,,750000,15000000,750 000–15 000 000 ₽,183,3650,13m,10y,4,,,,,,,,
17345,20074603,credit,Фора-Залоговый,Фора-Залоговый,https://www.banki.ru/products/credits/credit/200746/,https://cdn.banki.ru/cdn/bank/80493_mobile_logo_url.png,01.11.2025 18:14,80493,804931,bank,Фора-Банк,https://cdn.banki.ru/cdn/bank/80493_mobile_logo_url.png,1885,www.forabank.ru,8 800 100-98-89,"119021, г. Москва, Зубовский б-р, д. 25
",forabank,RUB,https://www.banki.ru/products/credits/credit/200746/,28.0,29.5,"28–29,5%",,,750000,15000000,750 000–15 000 000 ₽,183,2555,13m,7y,4,,,,,,,,
16738,11303,credit,Фора-Стандарт,Фора-Стандарт,https://www.banki.ru/products/credits/credit/113/,https://cdn.banki.ru/cdn/bank/80493_mobile_logo_url.png,01.11.2025 18:06,80493,804931,bank,Фора-Банк,https://cdn.banki.ru/cdn/bank/80493_mobile_logo_url.png,1885,www.forabank.ru,8 800 100-98-89,"119021, г. Москва, Зубовский б-р, д. 25
",forabank,RUB,https://www.banki.ru/products/credits/credit/113/,29.5,31.5,"29,5–31,5%",,,30000,750000,30 000–750 000 ₽,183,1095,6m,3y,4,,,,,,,,
16868,345903,credit,Наличными — Акция,Наличными — Акция,https://www.banki.ru/products/credits/credit/3459/,https://cdn.banki.ru/cdn/bank/192841_mobile_logo_url.png,11.11.2025 17:19,192841,1928411,bank,Энергобанк,https://cdn.banki.ru/cdn/bank/192841_mobile_logo_url.png,67,www.energobank.ru,8 800-350-54-58,"420111, г. Казань, ул. Пушкина, д. 13/52
",energobank,RUB,https://www.banki.ru/products/credits/credit/3459/,26.5,33.0,"26,5–33%",,,100000,2500000,100 000–2 500 000 ₽,397,2555,13m,7y,4,,,,,,,,
19356,375603,credit,Под залог квартиры,Под залог квартиры,https://www.banki.ru/products/credits/credit/3756/,https://cdn.banki.ru/cdn/bank/5306_mobile_logo_url.png,05.11.2025 16:11,5306,53061,bank,ПСБ,https://cdn.banki.ru/cdn/bank/5306_mobile_logo_url.png,3251,www.psbank.ru,8 800 333-03-03,"150003, г. Ярославль, ул. Республиканская, д. 16
",promsvyazbank,RUB,https://www.banki.ru/products/credits/credit/3756/,27.7,29.7,"27,7–29,7%",,,1000000,30000000,1 000 000–30 000 000 ₽,1095,10950,3y,30y,4,,,,,,,,
17023,455103,credit,Для работников ОПК и военнослужащих,Для работников ОПК и военнослужащих,https://www.banki.ru/products/credits/credit/4551/,https://cdn.banki.ru/cdn/bank/5306_mobile_logo_url.png,05.11.2025 16:08,5306,53061,bank,ПСБ,https://cdn.banki.ru/cdn/bank/5306_mobile_logo_url.png,3251,www.psbank.ru,8 800 333-03-03,"150003, г. Ярославль, ул. Республиканская, д. 16
",promsvyazbank,RUB,https://www.banki.ru/products/credits/credit/4551/,27.9,37.9,"27,9–37,9%",,,100000,5000000,100 000–5 000 000 ₽,365,2555,1y,7y,4,,,,,,,,
16818,280303,credit,На любые цели ,На любые цели ,https://www.banki.ru/products/credits/credit/2803/,https://cdn.banki.ru/cdn/bank/5306_mobile_logo_url.png,05.11.2025 16:08,5306,53061,bank,ПСБ,https://cdn.banki.ru/cdn/bank/5306_mobile_logo_url.png,3251,www.psbank.ru,8 800 333-03-03,"150003, г. Ярославль, ул. Республиканская, д. 16
",promsvyazbank,RUB,https://www.banki.ru/products/credits/credit/2803/,32.9,39.9,"32,9–39,9%",,,100000,5000000,100 000–5 000 000 ₽,365,1825,1y,5y,4,,,,,,,,
16989,433103,credit,Наличными ,Наличными ,https://www.banki.ru/products/credits/credit/4331/,https://cdn.banki.ru/cdn/bank/327_mobile_logo_url.png,14.11.2025 16:38,327,3271,bank,ВТБ,https://cdn.banki.ru/cdn/bank/327_mobile_logo_url.png,1000,www.vtb.ru,8 800 200-77-99,"190000, г. Санкт-Петербург, ул. Большая Морская, д. 29
",vtb,RUB,https://www.banki.ru/products/credits/credit/4331/,6.3,43.0,"6,3–43%",,,100001,7000000,100 001–7 000 000 ₽,183,1825,6m,5y,4,,,,,,,,
17615,20101803,credit,Под залог автомобиля,Под залог автомобиля,https://www.banki.ru/products/credits/credit/201018/,https://cdn.banki.ru/cdn/bank/327_mobile_logo_url.png,05.11.2025 18:51,327,3271,bank,ВТБ,https://cdn.banki.ru/cdn/bank/327_mobile_logo_url.png,1000,www.vtb.ru,8 800 200-77-99,"190000, г. Санкт-Петербург, ул. Большая Морская, д. 29
",vtb,RUB,https://www.banki.ru/products/credits/credit/201018/,23.9,40.2,"23,9–40,2%",,,100001,40000000,100 001–40 000 000 ₽,183,1825,6m,5y,4,,,,,,,,
19312,13703,credit,Под залог недвижимости,Под залог недвижимости,https://www.banki.ru/products/credits/credit/137/,https://cdn.banki.ru/cdn/bank/327_mobile_logo_url.png,05.11.2025 19:04,327,3271,bank,ВТБ,https://cdn.banki.ru/cdn/bank/327_mobile_logo_url.png,1000,www.vtb.ru,8 800 200-77-99,"190000, г. Санкт-Петербург, ул. Большая Морская, д. 29
",vtb,RUB,https://www.banki.ru/products/credits/credit/137/,24.6,25.6,"24,6–25,6%",,,1500000,40000000,1 500 000–40 000 000 ₽,365,5475,1y,15y,4,,,,,,,,
17067,471603,credit,Экспресс,Экспресс,https://www.banki.ru/products/credits/credit/4716/,https://cdn.banki.ru/cdn/bank/327_mobile_logo_url.png,05.11.2025 18:37,327,3271,bank,ВТБ,https://cdn.banki.ru/cdn/bank/327_mobile_logo_url.png,1000,www.vtb.ru,8 800 200-77-99,"190000, г. Санкт-Петербург, ул. Большая Морская, д. 29
",vtb,RUB,https://www.banki.ru/products/credits/credit/4716/,37.9,51.9,"37,9–51,9%",,,30000,100000,30 000–100 000 ₽,183,1825,6m,5y,4,,,,,,,,
16753,56103,credit,Наличными,Наличными,https://www.banki.ru/products/credits/credit/561/,https://cdn.banki.ru/cdn/bank/36119_mobile_logo_url.png,13.11.2025 14:36,36119,361191,bank,Ак Барс Банк,https://cdn.banki.ru/cdn/bank/36119_mobile_logo_url.png,2590,www.akbars.ru,8 800 200-53-03,"420066, г. Казань, ул. Декабристов, д. 1
",akbars,RUB,https://www.banki.ru/products/credits/credit/561/,16.0,51.7,"16–51,7%",,,30000,3000000,30 000–3 000 000 ₽,365,1825,1y,5y,4,,,,,,,,
19315,57103,credit,Под залог недвижимости,Под залог недвижимости,https://www.banki.ru/products/credits/credit/571/,https://cdn.banki.ru/cdn/bank/36119_mobile_logo_url.png,13.11.2025 15:01,36119,361191,bank,Ак Барс Банк,https://cdn.banki.ru/cdn/bank/36119_mobile_logo_url.png,2590,www.akbars.ru,8 800 200-53-03,"420066, г. Казань, ул. Декабристов, д. 1
",akbars,RUB,https://www.banki.ru/products/credits/credit/571/,23.0,24.0,23–24%,,,500000,20000000,500 000–20 000 000 ₽,1095,2555,3y,7y,4,,,,,,,,
19368,395503,credit,Под залог недвижимости,Под залог недвижимости,https://www.banki.ru/products/credits/credit/3955/,https://cdn.banki.ru/cdn/bank/191174_mobile_logo_url.png,13.11.2025 17:48,191174,1911741,bank,Кубань Кредит,https://cdn.banki.ru/cdn/bank/191174_mobile_logo_url.png,2518,kk.bank,8 800 555-25-18,"350000, г. Краснодар, ул. им. Орджоникидзе, д. 46 / ул. Красноармейская, д. 32
",kubankredit,RUB,https://www.banki.ru/products/credits/credit/3955/,20.0,25.0,20–25%,,,1000000,30000000,1 000 000–30 000 000 ₽,1825,7300,5y,20y,4,,,,,,,,
16867,343103,credit,Частным клиентам (с обеспечением),Частным клиентам (с обеспечением),https://www.banki.ru/products/credits/credit/3431/,https://cdn.banki.ru/cdn/bank/191174_mobile_logo_url.png,13.11.2025 17:20,191174,1911741,bank,Кубань Кредит,https://cdn.banki.ru/cdn/bank/191174_mobile_logo_url.png,2518,kk.bank,8 800 555-25-18,"350000, г. Краснодар, ул. им. Орджоникидзе, д. 46 / ул. Красноармейская, д. 32
",kubankredit,RUB,https://www.banki.ru/products/credits/credit/3431/,23.0,26.0,23–26%,,,50000,5000000,50 000–5 000 000 ₽,397,2555,13m,7y,4,,,,,,,,
17289,524403,credit,Частным клиентам,Частным клиентам,https://www.banki.ru/products/credits/credit/5244/,https://cdn.banki.ru/cdn/bank/191174_mobile_logo_url.png,13.11.2025 17:17,191174,1911741,bank,Кубань Кредит,https://cdn.banki.ru/cdn/bank/191174_mobile_logo_url.png,2518,kk.bank,8 800 555-25-18,"350000, г. Краснодар, ул. им. Орджоникидзе, д. 46 / ул. Красноармейская, д. 32
",kubankredit,RUB,https://www.banki.ru/products/credits/credit/5244/,24.0,31.0,24–31%,,,50000,3000000,50 000–3 000 000 ₽,397,1825,13m,5y,4,,,,,,,,
19363,389403,credit,На любые цели (под залог недвижимости),На любые цели (под залог недвижимости),https://www.banki.ru/products/credits/credit/3894/,https://cdn.banki.ru/cdn/bank/124449_mobile_logo_url.png,12.11.2025 17:31,124449,1244491,bank,Центр-инвест,https://cdn.banki.ru/cdn/bank/124449_mobile_logo_url.png,2225,www.centrinvest.ru,+7 (863) 200-00-00,"344000, г. Ростов-на-Дону, просп. Соколова, д. 62
",centr-invest,RUB,https://www.banki.ru/products/credits/credit/3894/,23.0,23.25,"23–23,25%",,,1000000,100000000,1 000 000–100 000 000 ₽,365,2555,1y,7y,4,,,,,,,,
16948,402703,credit,На любые цели,На любые цели,https://www.banki.ru/products/credits/credit/4027/,https://cdn.banki.ru/cdn/bank/124449_mobile_logo_url.png,12.11.2025 17:19,124449,1244491,bank,Центр-инвест,https://cdn.banki.ru/cdn/bank/124449_mobile_logo_url.png,2225,www.centrinvest.ru,+7 (863) 200-00-00,"344000, г. Ростов-на-Дону, просп. Соколова, д. 62
",centr-invest,RUB,https://www.banki.ru/products/credits/credit/4027/,23.25,24.0,"23,25–24%",,,10000,1000000,10 000–1 000 000 ₽,365,1825,1y,5y,4,,,,,,,,
19482,20105203,credit,Для самозанятых (с обеспечением),Для самозанятых (с обеспечением),https://www.banki.ru/products/credits/credit/201052/,https://cdn.banki.ru/cdn/bank/124449_mobile_logo_url.png,12.11.2025 17:30,124449,1244491,bank,Центр-инвест,https://cdn.banki.ru/cdn/bank/124449_mobile_logo_url.png,2225,www.centrinvest.ru,+7 (863) 200-00-00,"344000, г. Ростов-на-Дону, просп. Соколова, д. 62
",centr-invest,RUB,https://www.banki.ru/products/credits/credit/201052/,23.75,24.0,"23,75–24%",,,3000000,100000000,3 000 000–100 000 000 ₽,365,1825,1y,5y,4,,,,,,,,
17648,20105103,credit,Для самозанятых,Для самозанятых,https://www.banki.ru/products/credits/credit/201051/,https://cdn.banki.ru/cdn/bank/124449_mobile_logo_url.png,12.11.2025 17:28,124449,1244491,bank,Центр-инвест,https://cdn.banki.ru/cdn/bank/124449_mobile_logo_url.png,2225,www.centrinvest.ru,+7 (863) 200-00-00,"344000, г. Ростов-на-Дону, просп. Соколова, д. 62
",centr-invest,RUB,https://www.banki.ru/products/credits/credit/201051/,23.75,24.0,"23,75–24%",,,10000,3000000,10 000–3 000 000 ₽,365,1825,1y,5y,4,,,,,,,,
